Product_Supermarket_Identifier,Product_Supermarket_Sales
DRA59_CHUKWUDI010,1272
DRA59_CHUKWUDI013,8301
DRB01_CHUKWUDI013,8278
DRB13_CHUKWUDI010,946
DRB13_CHUKWUDI013,7810
DRB25_CHUKWUDI017,4537
DRB25_CHUKWUDI027,6847
DRB25_CHUKWUDI035,4537
DRB48_CHUKWUDI017,2712
DRB48_CHUKWUDI027,5123
DRB48_CHUKWUDI035,2758
DRB48_CHUKWUDI046,2656
DRB48_CHUKWUDI049,2573
DRC01_CHUKWUDI017,2472
DRC01_CHUKWUDI018,1883
DRC01_CHUKWUDI027,5160
DRC01_CHUKWUDI045,2294
DRC01_CHUKWUDI046,2409
DRC13_CHUKWUDI035,5251
DRC13_CHUKWUDI045,5057
DRC25_CHUKWUDI018,2794
DRC25_CHUKWUDI019,592
DRC25_CHUKWUDI027,6280
DRC25_CHUKWUDI045,3089
DRC25_CHUKWUDI046,3214
DRC27_CHUKWUDI010,2355
DRC27_CHUKWUDI018,9546
DRC27_CHUKWUDI049,8810
DRC36_CHUKWUDI013,7261
DRD01_CHUKWUDI017,2730
DRD01_CHUKWUDI018,2117
DRD01_CHUKWUDI035,2730
DRD01_CHUKWUDI045,2463
DRD01_CHUKWUDI049,2588
DRD12_CHUKWUDI017,3756
DRD12_CHUKWUDI018,3335
DRD12_CHUKWUDI027,6291
DRD12_CHUKWUDI035,3843
DRD12_CHUKWUDI045,3748
DRD12_CHUKWUDI046,3553
DRD13_CHUKWUDI017,2792
DRD13_CHUKWUDI018,2551
DRD13_CHUKWUDI027,5407
DRD13_CHUKWUDI035,2815
DRD13_CHUKWUDI045,2840
DRD13_CHUKWUDI049,2965
DRD15_CHUKWUDI010,1912
DRD15_CHUKWUDI013,11009
DRD15_CHUKWUDI046,9718
DRD15_CHUKWUDI049,9718
DRD24_CHUKWUDI027,8046
DRD25_CHUKWUDI027,7380
DRD25_CHUKWUDI035,4109
DRD25_CHUKWUDI045,4104
DRD27_CHUKWUDI017,4409
DRD27_CHUKWUDI019,759
DRD27_CHUKWUDI045,3757
DRD37_CHUKWUDI017,2706
DRD37_CHUKWUDI018,2079
DRD37_CHUKWUDI045,2475
DRD37_CHUKWUDI046,2600
DRD37_CHUKWUDI049,2563
DRD49_CHUKWUDI046,9572
DRD60_CHUKWUDI013,8669
DRE01_CHUKWUDI010,2198
DRE01_CHUKWUDI046,9572
DRE03_CHUKWUDI017,2716
DRE03_CHUKWUDI018,2052
DRE03_CHUKWUDI035,2716
DRE03_CHUKWUDI045,2406
DRE03_CHUKWUDI046,2531
DRE03_CHUKWUDI049,2531
DRE12_CHUKWUDI027,6599
DRE12_CHUKWUDI035,4157
DRE12_CHUKWUDI045,4145
DRE13_CHUKWUDI027,5977
DRE13_CHUKWUDI035,3342
DRE13_CHUKWUDI045,3164
DRE13_CHUKWUDI049,3289
DRE15_CHUKWUDI017,3428
DRE15_CHUKWUDI018,2651
DRE15_CHUKWUDI019,392
DRE15_CHUKWUDI027,5719
DRE15_CHUKWUDI045,3046
DRE15_CHUKWUDI046,3285
DRE25_CHUKWUDI017,4105
DRE25_CHUKWUDI027,6313
DRE25_CHUKWUDI035,4105
DRE27_CHUKWUDI035,3889
DRE27_CHUKWUDI045,3794
DRE48_CHUKWUDI013,7623
DRE48_CHUKWUDI046,7365
DRE60_CHUKWUDI013,11273
DRF03_CHUKWUDI018,2066
DRF03_CHUKWUDI027,4931
DRF03_CHUKWUDI035,2629
DRF03_CHUKWUDI045,2318
DRF03_CHUKWUDI046,2443
DRF03_CHUKWUDI049,2443
DRF25_CHUKWUDI019,-21
DRF25_CHUKWUDI027,4931
DRF25_CHUKWUDI035,2651
DRF25_CHUKWUDI045,2383
DRF25_CHUKWUDI046,2508
DRF25_CHUKWUDI049,2508
DRF36_CHUKWUDI010,1434
DRF37_CHUKWUDI013,12413
DRF37_CHUKWUDI018,11248
DRF37_CHUKWUDI035,11577
DRF37_CHUKWUDI045,10876
DRF49_CHUKWUDI035,5024
DRF49_CHUKWUDI045,4756
DRF51_CHUKWUDI018,1730
DRF51_CHUKWUDI045,2383
DRF51_CHUKWUDI046,2508
DRF60_CHUKWUDI018,10582
DRF60_CHUKWUDI049,9895
DRG01_CHUKWUDI019,398
DRG01_CHUKWUDI027,5559
DRG01_CHUKWUDI035,3337
DRG01_CHUKWUDI046,3152
DRG11_CHUKWUDI045,4104
DRG15_CHUKWUDI017,2320
DRG15_CHUKWUDI035,2302
DRG15_CHUKWUDI045,2315
DRG15_CHUKWUDI046,2440
DRG15_CHUKWUDI049,2422
DRG25_CHUKWUDI013,8439
DRG27_CHUKWUDI018,1941
DRG27_CHUKWUDI019,-49
DRG27_CHUKWUDI045,2265
DRG27_CHUKWUDI046,2390
DRG27_CHUKWUDI049,2390
DRG36_CHUKWUDI013,7179
DRG39_CHUKWUDI018,2197
DRG39_CHUKWUDI046,2611
DRG39_CHUKWUDI049,2611
DRG49_CHUKWUDI010,2089
DRG49_CHUKWUDI018,9552
DRH03_CHUKWUDI018,3435
DRH03_CHUKWUDI019,690
DRH03_CHUKWUDI035,4129
DRH11_CHUKWUDI027,4986
DRH11_CHUKWUDI045,2297
DRH11_CHUKWUDI049,2422
DRH13_CHUKWUDI019,910
DRH13_CHUKWUDI045,4170
DRH15_CHUKWUDI018,1962
DRH15_CHUKWUDI019,-49
DRH15_CHUKWUDI046,2370
DRH23_CHUKWUDI017,2610
DRH23_CHUKWUDI019,28
DRH23_CHUKWUDI045,2472
DRH23_CHUKWUDI049,2745
DRH25_CHUKWUDI017,2658
DRH25_CHUKWUDI027,5164
DRH25_CHUKWUDI035,2736
DRH25_CHUKWUDI045,2347
DRH36_CHUKWUDI017,3337
DRH36_CHUKWUDI019,310
DRH36_CHUKWUDI035,3337
DRH36_CHUKWUDI045,3027
DRH36_CHUKWUDI046,3152
DRH39_CHUKWUDI017,2782
DRH39_CHUKWUDI019,555
DRH39_CHUKWUDI027,5535
DRH39_CHUKWUDI046,2897
DRH39_CHUKWUDI049,2768
DRH49_CHUKWUDI018,2800
DRH49_CHUKWUDI019,615
DRH49_CHUKWUDI046,3491
DRH51_CHUKWUDI019,603
DRH51_CHUKWUDI027,6291
DRH51_CHUKWUDI035,3613
DRH51_CHUKWUDI049,3600
DRH59_CHUKWUDI046,3114
DRH59_CHUKWUDI049,3183
DRI01_CHUKWUDI013,7102
DRI03_CHUKWUDI013,7032
DRI11_CHUKWUDI027,7404
DRI11_CHUKWUDI035,4985
DRI11_CHUKWUDI045,4717
DRI13_CHUKWUDI013,10147
DRI13_CHUKWUDI018,8140
DRI13_CHUKWUDI046,9232
DRI25_CHUKWUDI017,2718
DRI25_CHUKWUDI027,5010
DRI25_CHUKWUDI045,2408
DRI25_CHUKWUDI046,2533
DRI25_CHUKWUDI049,2533
DRI37_CHUKWUDI017,2610
DRI37_CHUKWUDI018,2153
DRI37_CHUKWUDI027,4945
DRI37_CHUKWUDI046,2597
DRI37_CHUKWUDI049,2597
DRI39_CHUKWUDI017,2558
DRI39_CHUKWUDI018,2143
DRI39_CHUKWUDI027,4986
DRI39_CHUKWUDI035,2558
DRI49_CHUKWUDI018,2929
DRI49_CHUKWUDI035,3498
DRI49_CHUKWUDI045,3360
DRI49_CHUKWUDI046,3485
DRJ11_CHUKWUDI010,1437
DRJ11_CHUKWUDI013,8301
DRJ23_CHUKWUDI010,1008
DRJ23_CHUKWUDI013,7895
DRJ24_CHUKWUDI010,1272
DRJ24_CHUKWUDI013,8301
DRJ25_CHUKWUDI017,2569
DRJ25_CHUKWUDI018,2543
DRJ25_CHUKWUDI045,2420
DRJ25_CHUKWUDI049,2545
DRJ35_CHUKWUDI017,2758
DRJ35_CHUKWUDI046,2615
DRJ39_CHUKWUDI013,10345
DRJ39_CHUKWUDI018,7973
DRJ39_CHUKWUDI046,9494
DRJ47_CHUKWUDI013,6701
DRJ49_CHUKWUDI045,5155
DRJ51_CHUKWUDI013,11576
DRJ51_CHUKWUDI049,9959
DRJ59_CHUKWUDI027,5206
DRJ59_CHUKWUDI045,2448
DRJ59_CHUKWUDI046,2573
DRJ59_CHUKWUDI049,2573
DRK01_CHUKWUDI017,4015
DRK01_CHUKWUDI018,3309
DRK01_CHUKWUDI035,4015
DRK01_CHUKWUDI045,3748
DRK12_CHUKWUDI017,2651
DRK12_CHUKWUDI018,2131
DRK12_CHUKWUDI027,4871
DRK12_CHUKWUDI035,2651
DRK12_CHUKWUDI045,2383
DRK12_CHUKWUDI049,2508
DRK13_CHUKWUDI013,8208
DRK13_CHUKWUDI046,9000
DRK23_CHUKWUDI013,11914
DRK23_CHUKWUDI018,10280
DRK23_CHUKWUDI049,10286
DRK35_CHUKWUDI017,2567
DRK35_CHUKWUDI019,-63
DRK35_CHUKWUDI027,4908
DRK35_CHUKWUDI035,2567
DRK35_CHUKWUDI045,2300
DRK35_CHUKWUDI046,2425
DRK35_CHUKWUDI049,2425
DRK37_CHUKWUDI010,1532
DRK39_CHUKWUDI017,3601
DRK39_CHUKWUDI027,5982
DRK39_CHUKWUDI046,3449
DRK39_CHUKWUDI049,3449
DRK47_CHUKWUDI013,11269
DRK47_CHUKWUDI018,9635
DRK47_CHUKWUDI046,9978
DRK47_CHUKWUDI049,9978
DRK49_CHUKWUDI017,2708
DRK49_CHUKWUDI019,125
DRK49_CHUKWUDI027,4931
DRK49_CHUKWUDI035,2708
DRK49_CHUKWUDI046,2522
DRK49_CHUKWUDI049,2522
DRK59_CHUKWUDI010,2089
DRK59_CHUKWUDI018,9375
DRL01_CHUKWUDI010,1813
DRL01_CHUKWUDI013,10936
DRL01_CHUKWUDI049,9795
DRL23_CHUKWUDI035,4395
DRL23_CHUKWUDI045,4130
DRL35_CHUKWUDI017,2679
DRL35_CHUKWUDI027,4902
DRL35_CHUKWUDI035,2679
DRL35_CHUKWUDI045,2368
DRL35_CHUKWUDI049,2493
DRL37_CHUKWUDI017,2841
DRL37_CHUKWUDI018,2065
DRL37_CHUKWUDI027,4908
DRL37_CHUKWUDI035,2684
DRL37_CHUKWUDI045,2374
DRL37_CHUKWUDI049,2499
DRL47_CHUKWUDI027,7797
DRL47_CHUKWUDI045,5043
DRL59_CHUKWUDI019,70
DRL59_CHUKWUDI035,2848
DRM11_CHUKWUDI013,11607
DRM11_CHUKWUDI018,9048
DRM11_CHUKWUDI046,9798
DRM23_CHUKWUDI013,7179
DRM37_CHUKWUDI010,1529
DRM37_CHUKWUDI013,8432
DRM47_CHUKWUDI010,1411
DRM48_CHUKWUDI027,4866
DRM48_CHUKWUDI045,2383
DRM48_CHUKWUDI046,2508
DRM48_CHUKWUDI049,2508
DRM49_CHUKWUDI017,2259
DRM49_CHUKWUDI035,2259
DRM49_CHUKWUDI045,2217
DRM49_CHUKWUDI049,2343
DRN35_CHUKWUDI018,1991
DRN35_CHUKWUDI035,2567
DRN35_CHUKWUDI046,2425
DRN35_CHUKWUDI049,2425
DRN36_CHUKWUDI019,690
DRN36_CHUKWUDI027,6313
DRN36_CHUKWUDI035,4105
DRN36_CHUKWUDI045,3794
DRN37_CHUKWUDI013,6744
DRN47_CHUKWUDI010,1102
DRN47_CHUKWUDI013,7065
DRN59_CHUKWUDI017,2721
DRN59_CHUKWUDI027,4945
DRN59_CHUKWUDI045,2411
DRN59_CHUKWUDI049,2535
DRO35_CHUKWUDI045,4826
DRO47_CHUKWUDI035,4350
DRO59_CHUKWUDI017,3271
DRO59_CHUKWUDI019,398
DRO59_CHUKWUDI045,3003
DRO59_CHUKWUDI049,3128
DRP35_CHUKWUDI027,7676
DRP35_CHUKWUDI045,5117
DRP47_CHUKWUDI013,11078
DRP47_CHUKWUDI046,9459
DRP47_CHUKWUDI049,9459
DRQ35_CHUKWUDI027,7699
DRQ35_CHUKWUDI035,5375
DRQ35_CHUKWUDI045,5107
DRY23_CHUKWUDI017,2464
DRY23_CHUKWUDI019,-49
DRY23_CHUKWUDI027,4866
DRY23_CHUKWUDI035,2464
DRY23_CHUKWUDI046,2494
DRY23_CHUKWUDI049,2494
DRZ11_CHUKWUDI027,7676
DRZ11_CHUKWUDI045,4960
DRZ24_CHUKWUDI027,7997
DRZ24_CHUKWUDI045,5084
FDA01_CHUKWUDI017,2792
FDA01_CHUKWUDI018,2117
FDA01_CHUKWUDI027,4986
FDA01_CHUKWUDI035,2774
FDA01_CHUKWUDI045,2463
FDA01_CHUKWUDI046,2588
FDA04_CHUKWUDI013,11841
FDA04_CHUKWUDI018,10207
FDA04_CHUKWUDI035,10995
FDA04_CHUKWUDI046,10804
FDA04_CHUKWUDI049,10804
FDA07_CHUKWUDI027,7670
FDA07_CHUKWUDI035,5278
FDA07_CHUKWUDI045,5011
FDA10_CHUKWUDI027,7676
FDA10_CHUKWUDI035,5205
FDA11_CHUKWUDI017,3976
FDA11_CHUKWUDI018,3326
FDA11_CHUKWUDI027,6336
FDA11_CHUKWUDI045,3709
FDA13_CHUKWUDI017,2512
FDA13_CHUKWUDI018,2091
FDA13_CHUKWUDI019,-63
FDA13_CHUKWUDI027,4908
FDA13_CHUKWUDI035,2512
FDA13_CHUKWUDI045,2374
FDA13_CHUKWUDI049,2499
FDA15_CHUKWUDI010,3454
FDA15_CHUKWUDI013,11892
FDA15_CHUKWUDI018,11428
FDA15_CHUKWUDI049,11821
FDA16_CHUKWUDI018,8610
FDA16_CHUKWUDI046,8761
FDA20_CHUKWUDI013,8159
FDA21_CHUKWUDI013,8298
FDA23_CHUKWUDI017,4501
FDA23_CHUKWUDI027,6825
FDA23_CHUKWUDI035,4376
FDA25_CHUKWUDI017,4535
FDA25_CHUKWUDI018,3665
FDA25_CHUKWUDI035,4535
FDA25_CHUKWUDI045,4224
FDA26_CHUKWUDI013,9727
FDA26_CHUKWUDI018,8044
FDA27_CHUKWUDI018,10100
FDA27_CHUKWUDI046,8843
FDA27_CHUKWUDI049,9108
FDA28_CHUKWUDI027,7699
FDA32_CHUKWUDI010,1311
FDA32_CHUKWUDI018,8035
FDA32_CHUKWUDI046,9062
FDA34_CHUKWUDI013,7255
FDA35_CHUKWUDI027,7676
FDA36_CHUKWUDI013,7810
FDA37_CHUKWUDI035,5292
FDA38_CHUKWUDI013,11491
FDA38_CHUKWUDI018,9851
FDA38_CHUKWUDI049,10200
FDA39_CHUKWUDI017,2368
FDA39_CHUKWUDI018,1910
FDA39_CHUKWUDI027,5179
FDA39_CHUKWUDI035,2395
FDA39_CHUKWUDI046,2315
FDA39_CHUKWUDI049,2315
FDA40_CHUKWUDI017,3509
FDA40_CHUKWUDI035,3509
FDA40_CHUKWUDI046,3496
FDA40_CHUKWUDI049,3496
FDA43_CHUKWUDI010,1406
FDA43_CHUKWUDI013,8406
FDA44_CHUKWUDI017,2695
FDA44_CHUKWUDI018,2038
FDA44_CHUKWUDI027,4986
FDA44_CHUKWUDI035,2695
FDA44_CHUKWUDI045,2384
FDA44_CHUKWUDI049,2509
FDA45_CHUKWUDI013,6905
FDA46_CHUKWUDI013,8309
FDA48_CHUKWUDI046,9417
FDA49_CHUKWUDI019,603
FDA49_CHUKWUDI027,5982
FDA49_CHUKWUDI035,3602
FDA49_CHUKWUDI046,3417
FDA49_CHUKWUDI049,3417
FDA50_CHUKWUDI017,3933
FDA50_CHUKWUDI019,735
FDA50_CHUKWUDI027,6313
FDA50_CHUKWUDI035,3933
FDA51_CHUKWUDI027,7380
FDA52_CHUKWUDI013,7107
FDA55_CHUKWUDI013,10332
FDA55_CHUKWUDI018,7758
FDA56_CHUKWUDI027,7970
FDA56_CHUKWUDI045,5237
FDA57_CHUKWUDI027,4931
FDA57_CHUKWUDI045,2318
FDA58_CHUKWUDI013,11013
FDA58_CHUKWUDI046,9873
FDB02_CHUKWUDI013,7075
FDB03_CHUKWUDI013,11190
FDB03_CHUKWUDI018,9186
FDB03_CHUKWUDI046,9572
FDB03_CHUKWUDI049,9572
FDB04_CHUKWUDI017,3742
FDB04_CHUKWUDI019,592
FDB04_CHUKWUDI027,5993
FDB04_CHUKWUDI035,3638
FDB04_CHUKWUDI045,3475
FDB04_CHUKWUDI046,3496
FDB05_CHUKWUDI046,9994
FDB05_CHUKWUDI049,9017
FDB10_CHUKWUDI018,9552
FDB10_CHUKWUDI049,9718
FDB11_CHUKWUDI013,10332
FDB12_CHUKWUDI035,4305
FDB14_CHUKWUDI018,3129
FDB14_CHUKWUDI019,847
FDB14_CHUKWUDI027,6226
FDB14_CHUKWUDI035,4109
FDB14_CHUKWUDI045,3971
FDB15_CHUKWUDI010,1280
FDB15_CHUKWUDI013,10531
FDB15_CHUKWUDI018,8639
FDB15_CHUKWUDI035,7364
FDB15_CHUKWUDI046,8896
FDB15_CHUKWUDI049,8896
FDB16_CHUKWUDI035,3553
FDB16_CHUKWUDI045,3285
FDB16_CHUKWUDI046,3410
FDB16_CHUKWUDI049,3514
FDB17_CHUKWUDI010,1108
FDB17_CHUKWUDI013,7105
FDB20_CHUKWUDI017,3197
FDB20_CHUKWUDI035,3197
FDB20_CHUKWUDI045,2929
FDB20_CHUKWUDI049,3054
FDB21_CHUKWUDI018,10027
FDB23_CHUKWUDI013,12811
FDB23_CHUKWUDI018,11285
FDB26_CHUKWUDI017,2768
FDB26_CHUKWUDI027,4981
FDB26_CHUKWUDI035,2768
FDB26_CHUKWUDI045,2457
FDB26_CHUKWUDI046,2582
FDB27_CHUKWUDI010,1332
FDB27_CHUKWUDI046,8053
FDB28_CHUKWUDI010,1290
FDB28_CHUKWUDI013,8194
FDB29_CHUKWUDI035,5113
FDB29_CHUKWUDI045,4803
FDB32_CHUKWUDI017,3912
FDB32_CHUKWUDI018,3317
FDB32_CHUKWUDI019,713
FDB32_CHUKWUDI027,6528
FDB32_CHUKWUDI035,3912
FDB34_CHUKWUDI017,3709
FDB34_CHUKWUDI018,3109
FDB34_CHUKWUDI027,6010
FDB34_CHUKWUDI035,3709
FDB34_CHUKWUDI045,3399
FDB34_CHUKWUDI049,3524
FDB35_CHUKWUDI017,4062
FDB35_CHUKWUDI018,3355
FDB35_CHUKWUDI019,690
FDB35_CHUKWUDI045,3794
FDB35_CHUKWUDI046,3600
FDB36_CHUKWUDI027,7797
FDB37_CHUKWUDI013,11763
FDB37_CHUKWUDI046,10472
FDB37_CHUKWUDI049,10472
FDB39_CHUKWUDI017,2754
FDB39_CHUKWUDI019,57
FDB39_CHUKWUDI035,2754
FDB39_CHUKWUDI045,2486
FDB39_CHUKWUDI049,2611
FDB41_CHUKWUDI018,2012
FDB41_CHUKWUDI019,-26
FDB41_CHUKWUDI035,2470
FDB41_CHUKWUDI045,2332
FDB41_CHUKWUDI046,2457
FDB44_CHUKWUDI013,9843
FDB44_CHUKWUDI046,8871
FDB45_CHUKWUDI019,910
FDB45_CHUKWUDI045,3911
FDB47_CHUKWUDI013,10096
FDB49_CHUKWUDI018,3297
FDB49_CHUKWUDI019,735
FDB49_CHUKWUDI045,3680
FDB50_CHUKWUDI017,3098
FDB50_CHUKWUDI018,3127
FDB50_CHUKWUDI045,3003
FDB50_CHUKWUDI046,3128
FDB50_CHUKWUDI049,3128
FDB51_CHUKWUDI017,3026
FDB51_CHUKWUDI018,2134
FDB51_CHUKWUDI035,3026
FDB51_CHUKWUDI045,2423
FDB51_CHUKWUDI046,2548
FDB52_CHUKWUDI013,11315
FDB52_CHUKWUDI018,10008
FDB52_CHUKWUDI049,10294
FDB56_CHUKWUDI013,8275
FDB57_CHUKWUDI013,10909
FDB57_CHUKWUDI046,9994
FDB59_CHUKWUDI046,6784
FDB60_CHUKWUDI010,1404
FDB60_CHUKWUDI013,8278
FDC02_CHUKWUDI010,617
FDC02_CHUKWUDI013,11051
FDC02_CHUKWUDI018,9313
FDC02_CHUKWUDI046,9110
FDC03_CHUKWUDI013,8376
FDC04_CHUKWUDI018,9632
FDC04_CHUKWUDI049,9918
FDC08_CHUKWUDI010,2426
FDC08_CHUKWUDI013,11454
FDC08_CHUKWUDI046,8672
FDC08_CHUKWUDI049,10137
FDC09_CHUKWUDI018,3749
FDC09_CHUKWUDI045,4190
FDC10_CHUKWUDI027,7676
FDC10_CHUKWUDI035,5056
FDC11_CHUKWUDI018,3263
FDC11_CHUKWUDI027,5982
FDC11_CHUKWUDI046,3568
FDC14_CHUKWUDI017,2708
FDC14_CHUKWUDI018,2172
FDC14_CHUKWUDI019,-21
FDC14_CHUKWUDI027,4931
FDC14_CHUKWUDI046,2522
FDC14_CHUKWUDI049,2522
FDC16_CHUKWUDI017,3712
FDC16_CHUKWUDI018,3091
FDC16_CHUKWUDI027,6197
FDC16_CHUKWUDI035,3712
FDC16_CHUKWUDI045,3445
FDC16_CHUKWUDI046,3653
FDC16_CHUKWUDI049,3570
FDC17_CHUKWUDI013,10078
FDC17_CHUKWUDI046,8897
FDC20_CHUKWUDI017,2790
FDC20_CHUKWUDI018,2169
FDC20_CHUKWUDI019,70
FDC20_CHUKWUDI035,2873
FDC20_CHUKWUDI045,2523
FDC20_CHUKWUDI046,2648
FDC21_CHUKWUDI017,4604
FDC21_CHUKWUDI019,886
FDC22_CHUKWUDI013,8287
FDC26_CHUKWUDI035,4350
FDC28_CHUKWUDI017,4473
FDC28_CHUKWUDI019,1043
FDC28_CHUKWUDI027,6847
FDC28_CHUKWUDI045,4196
FDC29_CHUKWUDI027,6814
FDC29_CHUKWUDI035,4502
FDC32_CHUKWUDI019,690
FDC32_CHUKWUDI027,6226
FDC32_CHUKWUDI035,3858
FDC32_CHUKWUDI045,3720
FDC33_CHUKWUDI013,8283
FDC33_CHUKWUDI046,8026
FDC35_CHUKWUDI010,1691
FDC35_CHUKWUDI013,9892
FDC35_CHUKWUDI046,8950
FDC37_CHUKWUDI019,886
FDC39_CHUKWUDI013,9892
FDC40_CHUKWUDI017,3314
FDC40_CHUKWUDI018,2658
FDC40_CHUKWUDI035,3314
FDC40_CHUKWUDI049,3128
FDC41_CHUKWUDI017,3141
FDC41_CHUKWUDI019,411
FDC41_CHUKWUDI027,5535
FDC41_CHUKWUDI046,3128
FDC41_CHUKWUDI049,3128
FDC44_CHUKWUDI027,7380
FDC44_CHUKWUDI045,4803
FDC46_CHUKWUDI010,1427
FDC46_CHUKWUDI013,8519
FDC47_CHUKWUDI010,2562
FDC47_CHUKWUDI013,11554
FDC47_CHUKWUDI018,9920
FDC48_CHUKWUDI017,3678
FDC48_CHUKWUDI019,586
FDC48_CHUKWUDI035,3678
FDC48_CHUKWUDI046,3536
FDC50_CHUKWUDI017,3933
FDC50_CHUKWUDI018,3381
FDC50_CHUKWUDI027,6313
FDC50_CHUKWUDI035,4262
FDC50_CHUKWUDI045,3794
FDC51_CHUKWUDI035,5504
FDC51_CHUKWUDI045,5237
FDC53_CHUKWUDI018,3455
FDC53_CHUKWUDI027,6584
FDC53_CHUKWUDI035,4211
FDC56_CHUKWUDI035,5119
FDC57_CHUKWUDI013,8251
FDC58_CHUKWUDI017,2651
FDC58_CHUKWUDI018,2131
FDC58_CHUKWUDI027,5243
FDC58_CHUKWUDI035,2651
FDC59_CHUKWUDI017,3127
FDC59_CHUKWUDI018,2471
FDC59_CHUKWUDI027,5383
FDC59_CHUKWUDI035,3127
FDC59_CHUKWUDI045,2816
FDC59_CHUKWUDI049,3098
FDC60_CHUKWUDI017,3302
FDC60_CHUKWUDI019,592
FDC60_CHUKWUDI046,3421
FDD02_CHUKWUDI045,4803
FDD03_CHUKWUDI013,11035
FDD03_CHUKWUDI018,9401
FDD03_CHUKWUDI046,9718
FDD05_CHUKWUDI027,7882
FDD05_CHUKWUDI045,5085
FDD08_CHUKWUDI017,2556
FDD08_CHUKWUDI018,2036
FDD08_CHUKWUDI027,4931
FDD08_CHUKWUDI035,2556
FDD08_CHUKWUDI049,2413
FDD09_CHUKWUDI013,7261
FDD10_CHUKWUDI010,862
FDD10_CHUKWUDI013,6809
FDD11_CHUKWUDI013,11315
FDD11_CHUKWUDI018,12436
FDD14_CHUKWUDI013,7786
FDD16_CHUKWUDI019,398
FDD16_CHUKWUDI035,3218
FDD16_CHUKWUDI046,3120
FDD17_CHUKWUDI010,2112
FDD17_CHUKWUDI013,11429
FDD17_CHUKWUDI046,10138
FDD17_CHUKWUDI049,10138
FDD20_CHUKWUDI027,7914
FDD21_CHUKWUDI035,5050
FDD26_CHUKWUDI010,1437
FDD28_CHUKWUDI017,2891
FDD28_CHUKWUDI027,4986
FDD28_CHUKWUDI046,2574
FDD28_CHUKWUDI049,2574
FDD29_CHUKWUDI010,2130
FDD29_CHUKWUDI013,11994
FDD29_CHUKWUDI018,10311
FDD29_CHUKWUDI046,10703
FDD29_CHUKWUDI049,10703
FDD32_CHUKWUDI017,3566
FDD32_CHUKWUDI018,2967
FDD33_CHUKWUDI013,11013
FDD33_CHUKWUDI018,9379
FDD35_CHUKWUDI027,7704
FDD35_CHUKWUDI035,5546
FDD35_CHUKWUDI045,5126
FDD36_CHUKWUDI027,7618
FDD38_CHUKWUDI017,4665
FDD38_CHUKWUDI019,967
FDD38_CHUKWUDI027,7037
FDD38_CHUKWUDI035,4665
FDD38_CHUKWUDI045,4354
FDD39_CHUKWUDI013,9727
FDD39_CHUKWUDI018,7728
FDD39_CHUKWUDI046,8812
FDD40_CHUKWUDI013,8269
FDD41_CHUKWUDI017,4154
FDD41_CHUKWUDI027,6847
FDD41_CHUKWUDI045,4104
FDD44_CHUKWUDI013,13364
FDD44_CHUKWUDI018,10405
FDD44_CHUKWUDI046,10722
FDD44_CHUKWUDI049,10976
FDD45_CHUKWUDI018,3243
FDD45_CHUKWUDI035,3751
FDD45_CHUKWUDI045,3656
FDD47_CHUKWUDI013,7167
FDD48_CHUKWUDI045,4783
FDD50_CHUKWUDI013,6659
FDD51_CHUKWUDI019,-49
FDD51_CHUKWUDI027,4903
FDD51_CHUKWUDI035,2464
FDD51_CHUKWUDI045,2517
FDD51_CHUKWUDI049,2494
FDD52_CHUKWUDI027,6837
FDD52_CHUKWUDI035,4322
FDD53_CHUKWUDI017,2708
FDD53_CHUKWUDI019,-21
FDD53_CHUKWUDI027,4931
FDD53_CHUKWUDI049,2522
FDD57_CHUKWUDI017,4179
FDD57_CHUKWUDI027,6528
FDD57_CHUKWUDI035,4179
FDD58_CHUKWUDI018,3586
FDD58_CHUKWUDI019,795
FDD58_CHUKWUDI035,4293
FDD58_CHUKWUDI045,4025
FDD59_CHUKWUDI017,3486
FDD59_CHUKWUDI027,5982
FDD59_CHUKWUDI045,2989
FDD59_CHUKWUDI046,3271
FDE02_CHUKWUDI017,3751
FDE02_CHUKWUDI019,679
FDE02_CHUKWUDI027,6313
FDE04_CHUKWUDI010,1003
FDE04_CHUKWUDI013,6965
FDE09_CHUKWUDI019,910
FDE09_CHUKWUDI027,7062
FDE09_CHUKWUDI045,4170
FDE10_CHUKWUDI027,7773
FDE11_CHUKWUDI010,1427
FDE11_CHUKWUDI013,8301
FDE14_CHUKWUDI018,3711
FDE14_CHUKWUDI035,4361
FDE14_CHUKWUDI045,4094
FDE16_CHUKWUDI010,1809
FDE20_CHUKWUDI013,6912
FDE21_CHUKWUDI027,7701
FDE21_CHUKWUDI045,4900
FDE23_CHUKWUDI017,2721
FDE23_CHUKWUDI018,2065
FDE23_CHUKWUDI035,2721
FDE23_CHUKWUDI045,2411
FDE23_CHUKWUDI046,2692
FDE28_CHUKWUDI010,2281
FDE28_CHUKWUDI013,12845
FDE28_CHUKWUDI049,10219
FDE29_CHUKWUDI018,2043
FDE29_CHUKWUDI027,5174
FDE29_CHUKWUDI045,2363
FDE29_CHUKWUDI046,2479
FDE29_CHUKWUDI049,2488
FDE32_CHUKWUDI017,2320
FDE32_CHUKWUDI018,1919
FDE32_CHUKWUDI027,4931
FDE32_CHUKWUDI035,2320
FDE32_CHUKWUDI046,2135
FDE33_CHUKWUDI017,3464
FDE33_CHUKWUDI019,398
FDE33_CHUKWUDI027,5764
FDE33_CHUKWUDI045,2925
FDE33_CHUKWUDI049,3049
FDE34_CHUKWUDI010,1597
FDE35_CHUKWUDI027,5284
FDE35_CHUKWUDI045,2423
FDE35_CHUKWUDI049,2530
FDE39_CHUKWUDI035,4985
FDE39_CHUKWUDI045,5013
FDE40_CHUKWUDI017,2859
FDE40_CHUKWUDI018,2243
FDE40_CHUKWUDI019,15
FDE40_CHUKWUDI027,5174
FDE40_CHUKWUDI045,2816
FDE41_CHUKWUDI017,3624
FDE41_CHUKWUDI019,749
FDE41_CHUKWUDI035,3624
FDE41_CHUKWUDI045,3356
FDE41_CHUKWUDI046,3481
FDE41_CHUKWUDI049,3481
FDE44_CHUKWUDI017,2610
FDE44_CHUKWUDI035,2558
FDE44_CHUKWUDI045,2578
FDE44_CHUKWUDI046,2597
FDE45_CHUKWUDI013,7105
FDE51_CHUKWUDI017,2213
FDE51_CHUKWUDI019,-63
FDE51_CHUKWUDI027,4908
FDE51_CHUKWUDI035,2213
FDE51_CHUKWUDI046,2333
FDE52_CHUKWUDI027,5987
FDE53_CHUKWUDI017,4551
FDE53_CHUKWUDI027,6875
FDE53_CHUKWUDI045,4283
FDE56_CHUKWUDI017,2619
FDE56_CHUKWUDI019,359
FDE56_CHUKWUDI027,5174
FDE56_CHUKWUDI035,2955
FDE57_CHUKWUDI027,8075
FDE58_CHUKWUDI027,7997
FDE59_CHUKWUDI017,2641
FDE59_CHUKWUDI018,2065
FDE59_CHUKWUDI035,2641
FDE59_CHUKWUDI049,2499
FDF02_CHUKWUDI017,4362
FDF02_CHUKWUDI018,3691
FDF04_CHUKWUDI013,13033
FDF04_CHUKWUDI018,11571
FDF04_CHUKWUDI046,10325
FDF04_CHUKWUDI049,10309
FDF05_CHUKWUDI013,11106
FDF05_CHUKWUDI018,10789
FDF05_CHUKWUDI035,10792
FDF05_CHUKWUDI045,10950
FDF05_CHUKWUDI046,11075
FDF05_CHUKWUDI049,10606
FDF08_CHUKWUDI018,3143
FDF08_CHUKWUDI035,3785
FDF08_CHUKWUDI045,3475
FDF08_CHUKWUDI046,3600
FDF09_CHUKWUDI018,1910
FDF09_CHUKWUDI027,5179
FDF09_CHUKWUDI035,2368
FDF09_CHUKWUDI045,2190
FDF09_CHUKWUDI049,2315
FDF11_CHUKWUDI018,9742
FDF11_CHUKWUDI049,10134
FDF20_CHUKWUDI010,1380
FDF20_CHUKWUDI013,7759
FDF20_CHUKWUDI046,8172
FDF21_CHUKWUDI010,1437
FDF21_CHUKWUDI013,8275
FDF22_CHUKWUDI010,1314
FDF22_CHUKWUDI013,9704
FDF22_CHUKWUDI046,8789
FDF24_CHUKWUDI017,3709
FDF24_CHUKWUDI018,3109
FDF24_CHUKWUDI027,6151
FDF24_CHUKWUDI035,3709
FDF24_CHUKWUDI049,3524
FDF28_CHUKWUDI027,7699
FDF29_CHUKWUDI027,8011
FDF32_CHUKWUDI010,1305
FDF32_CHUKWUDI013,8283
FDF32_CHUKWUDI046,7463
FDF33_CHUKWUDI027,7145
FDF33_CHUKWUDI035,4502
FDF33_CHUKWUDI045,4235
FDF34_CHUKWUDI010,997
FDF35_CHUKWUDI017,4408
FDF35_CHUKWUDI035,4408
FDF35_CHUKWUDI045,4270
FDF38_CHUKWUDI046,2527
FDF39_CHUKWUDI013,12135
FDF39_CHUKWUDI018,10494
FDF39_CHUKWUDI045,11188
FDF39_CHUKWUDI046,11313
FDF41_CHUKWUDI018,9823
FDF41_CHUKWUDI046,9838
FDF41_CHUKWUDI049,9838
FDF44_CHUKWUDI027,7773
FDF45_CHUKWUDI017,2922
FDF45_CHUKWUDI018,2197
FDF45_CHUKWUDI045,2593
FDF45_CHUKWUDI049,2718
FDF46_CHUKWUDI027,7380
FDF46_CHUKWUDI035,4851
FDF46_CHUKWUDI045,4756
FDF47_CHUKWUDI013,8258
FDF47_CHUKWUDI046,8249
FDF52_CHUKWUDI010,1607
FDF52_CHUKWUDI013,6706
FDF53_CHUKWUDI013,6759
FDF56_CHUKWUDI010,1597
FDF56_CHUKWUDI013,7107
FDF58_CHUKWUDI027,5654
FDF58_CHUKWUDI046,3071
FDG08_CHUKWUDI013,7179
FDG09_CHUKWUDI010,1325
FDG09_CHUKWUDI013,8163
FDG10_CHUKWUDI018,1962
FDG10_CHUKWUDI019,121
FDG10_CHUKWUDI027,5257
FDG10_CHUKWUDI035,2457
FDG10_CHUKWUDI045,2280
FDG12_CHUKWUDI027,7970
FDG12_CHUKWUDI045,4912
FDG16_CHUKWUDI013,9753
FDG16_CHUKWUDI046,8812
FDG17_CHUKWUDI018,10013
FDG17_CHUKWUDI049,10299
FDG20_CHUKWUDI010,1123
FDG22_CHUKWUDI017,2708
FDG22_CHUKWUDI027,4931
FDG22_CHUKWUDI035,2708
FDG22_CHUKWUDI046,2522
FDG24_CHUKWUDI017,3547
FDG24_CHUKWUDI018,2884
FDG24_CHUKWUDI027,6202
FDG24_CHUKWUDI035,3547
FDG24_CHUKWUDI045,3279
FDG24_CHUKWUDI046,3404
FDG24_CHUKWUDI049,3404
FDG26_CHUKWUDI013,11851
FDG26_CHUKWUDI018,10016
FDG26_CHUKWUDI049,11255
FDG28_CHUKWUDI046,10185
FDG29_CHUKWUDI017,2684
FDG29_CHUKWUDI027,4908
FDG29_CHUKWUDI035,2684
FDG29_CHUKWUDI046,2499
FDG29_CHUKWUDI049,2499
FDG31_CHUKWUDI019,346
FDG31_CHUKWUDI027,5407
FDG31_CHUKWUDI035,3107
FDG31_CHUKWUDI049,2630
FDG32_CHUKWUDI013,9964
FDG32_CHUKWUDI046,9023
FDG33_CHUKWUDI013,7058
FDG34_CHUKWUDI017,4561
FDG34_CHUKWUDI027,6871
FDG34_CHUKWUDI035,4561
FDG34_CHUKWUDI045,4293
FDG38_CHUKWUDI017,3624
FDG38_CHUKWUDI018,3118
FDG38_CHUKWUDI027,5982
FDG38_CHUKWUDI045,3356
FDG38_CHUKWUDI046,3481
FDG38_CHUKWUDI049,3481
FDG40_CHUKWUDI017,2665
FDG40_CHUKWUDI027,4871
FDG40_CHUKWUDI046,2522
FDG41_CHUKWUDI017,4226
FDG41_CHUKWUDI035,4226
FDG44_CHUKWUDI018,2055
FDG44_CHUKWUDI019,28
FDG44_CHUKWUDI027,5284
FDG44_CHUKWUDI035,2302
FDG44_CHUKWUDI046,2432
FDG44_CHUKWUDI049,2422
FDG45_CHUKWUDI010,1447
FDG45_CHUKWUDI013,10018
FDG46_CHUKWUDI027,6841
FDG46_CHUKWUDI045,4653
FDG47_CHUKWUDI010,1854
FDG47_CHUKWUDI013,11084
FDG47_CHUKWUDI018,9875
FDG47_CHUKWUDI035,9678
FDG47_CHUKWUDI046,10853
FDG50_CHUKWUDI017,3974
FDG50_CHUKWUDI018,3217
FDG50_CHUKWUDI045,3387
FDG50_CHUKWUDI046,3511
FDG52_CHUKWUDI018,2065
FDG52_CHUKWUDI027,4945
FDG52_CHUKWUDI035,2678
FDG52_CHUKWUDI049,2535
FDG56_CHUKWUDI017,3084
FDG56_CHUKWUDI018,2117
FDG56_CHUKWUDI027,5174
FDG56_CHUKWUDI035,2749
FDG56_CHUKWUDI045,2481
FDG57_CHUKWUDI017,2732
FDG57_CHUKWUDI018,2065
FDG57_CHUKWUDI035,2732
FDG57_CHUKWUDI045,2411
FDG57_CHUKWUDI046,2535
FDG57_CHUKWUDI049,2535
FDG59_CHUKWUDI017,2708
FDG59_CHUKWUDI018,2145
FDG59_CHUKWUDI027,4931
FDG59_CHUKWUDI035,2708
FDG59_CHUKWUDI045,2397
FDG59_CHUKWUDI046,2522
FDG60_CHUKWUDI013,10737
FDG60_CHUKWUDI046,9446
FDG60_CHUKWUDI049,9446
FDH02_CHUKWUDI017,4054
FDH02_CHUKWUDI018,3020
FDH02_CHUKWUDI027,6611
FDH02_CHUKWUDI045,3787
FDH04_CHUKWUDI017,3789
FDH04_CHUKWUDI018,3113
FDH04_CHUKWUDI019,677
FDH04_CHUKWUDI046,3416
FDH05_CHUKWUDI018,9912
FDH05_CHUKWUDI046,10769
FDH05_CHUKWUDI049,10769
FDH08_CHUKWUDI046,10149
FDH09_CHUKWUDI017,2730
FDH09_CHUKWUDI027,4986
FDH09_CHUKWUDI035,2730
FDH09_CHUKWUDI045,2463
FDH09_CHUKWUDI049,2588
FDH10_CHUKWUDI010,-604
FDH10_CHUKWUDI013,5270
FDH12_CHUKWUDI017,4305
FDH12_CHUKWUDI019,886
FDH12_CHUKWUDI045,4255
FDH16_CHUKWUDI017,3624
FDH16_CHUKWUDI027,5982
FDH16_CHUKWUDI046,3585
FDH16_CHUKWUDI049,3481
FDH17_CHUKWUDI017,4148
FDH17_CHUKWUDI019,684
FDH17_CHUKWUDI035,4148
FDH17_CHUKWUDI045,3837
FDH19_CHUKWUDI013,7077
FDH20_CHUKWUDI017,4262
FDH20_CHUKWUDI018,3440
FDH20_CHUKWUDI035,4179
FDH20_CHUKWUDI045,3822
FDH26_CHUKWUDI027,8075
FDH28_CHUKWUDI017,2521
FDH28_CHUKWUDI018,2100
FDH28_CHUKWUDI019,-49
FDH28_CHUKWUDI027,5206
FDH28_CHUKWUDI035,2521
FDH28_CHUKWUDI045,2383
FDH28_CHUKWUDI046,2508
FDH28_CHUKWUDI049,2508
FDH31_CHUKWUDI019,892
FDH31_CHUKWUDI027,6528
FDH31_CHUKWUDI035,4441
FDH32_CHUKWUDI018,3355
FDH32_CHUKWUDI027,6313
FDH32_CHUKWUDI035,3889
FDH32_CHUKWUDI045,3794
FDH33_CHUKWUDI017,2478
FDH33_CHUKWUDI018,2100
FDH33_CHUKWUDI019,-49
FDH33_CHUKWUDI027,5206
FDH33_CHUKWUDI035,2478
FDH33_CHUKWUDI045,2383
FDH33_CHUKWUDI046,2545
FDH33_CHUKWUDI049,2508
FDH38_CHUKWUDI035,4766
FDH40_CHUKWUDI017,3466
FDH40_CHUKWUDI018,2684
FDH40_CHUKWUDI027,5535
FDH40_CHUKWUDI046,3128
FDH41_CHUKWUDI013,9753
FDH41_CHUKWUDI046,8812
FDH45_CHUKWUDI018,2100
FDH45_CHUKWUDI019,-49
FDH45_CHUKWUDI035,2521
FDH45_CHUKWUDI045,2383
FDH45_CHUKWUDI046,2508
FDH45_CHUKWUDI049,2508
FDH47_CHUKWUDI035,3889
FDH47_CHUKWUDI045,3794
FDH48_CHUKWUDI017,3638
FDH48_CHUKWUDI018,3132
FDH48_CHUKWUDI019,592
FDH48_CHUKWUDI045,3371
FDH48_CHUKWUDI049,3653
FDH50_CHUKWUDI013,8301
FDH52_CHUKWUDI017,2758
FDH52_CHUKWUDI019,137
FDH52_CHUKWUDI027,5198
FDH53_CHUKWUDI017,3806
FDH53_CHUKWUDI018,3334
FDH53_CHUKWUDI035,3806
FDH53_CHUKWUDI046,3854
FDH56_CHUKWUDI035,5056
FDH56_CHUKWUDI045,4788
FDH57_CHUKWUDI027,7797
FDH58_CHUKWUDI045,4826
FDH60_CHUKWUDI046,8049
FDI02_CHUKWUDI017,4408
FDI02_CHUKWUDI035,4941
FDI04_CHUKWUDI013,8406
FDI04_CHUKWUDI046,7924
FDI05_CHUKWUDI017,3025
FDI05_CHUKWUDI046,3054
FDI05_CHUKWUDI049,3054
FDI07_CHUKWUDI046,8172
FDI08_CHUKWUDI018,9771
FDI08_CHUKWUDI046,9184
FDI08_CHUKWUDI049,10114
FDI09_CHUKWUDI018,8647
FDI09_CHUKWUDI046,8949
FDI09_CHUKWUDI049,8575
FDI10_CHUKWUDI013,7139
FDI12_CHUKWUDI017,3452
FDI12_CHUKWUDI045,3356
FDI12_CHUKWUDI046,3585
FDI12_CHUKWUDI049,3585
FDI14_CHUKWUDI027,7773
FDI15_CHUKWUDI013,10531
FDI15_CHUKWUDI035,7364
FDI15_CHUKWUDI046,8896
FDI15_CHUKWUDI049,9784
FDI16_CHUKWUDI018,2153
FDI16_CHUKWUDI027,4945
FDI16_CHUKWUDI035,2931
FDI16_CHUKWUDI046,2597
FDI19_CHUKWUDI010,2111
FDI19_CHUKWUDI013,11186
FDI19_CHUKWUDI046,9895
FDI20_CHUKWUDI010,1211
FDI20_CHUKWUDI013,10355
FDI20_CHUKWUDI046,9544
FDI21_CHUKWUDI018,1854
FDI21_CHUKWUDI027,5383
FDI21_CHUKWUDI035,2920
FDI21_CHUKWUDI045,2407
FDI21_CHUKWUDI046,2867
FDI22_CHUKWUDI010,1932
FDI22_CHUKWUDI013,10122
FDI22_CHUKWUDI046,9181
FDI24_CHUKWUDI013,7107
FDI27_CHUKWUDI017,2513
FDI27_CHUKWUDI027,4931
FDI27_CHUKWUDI045,2224
FDI27_CHUKWUDI049,2349
FDI28_CHUKWUDI018,2742
FDI28_CHUKWUDI027,5564
FDI28_CHUKWUDI045,3031
FDI28_CHUKWUDI046,3156
FDI28_CHUKWUDI049,3156
FDI32_CHUKWUDI027,7380
FDI32_CHUKWUDI035,4941
FDI32_CHUKWUDI045,4983
FDI33_CHUKWUDI017,3780
FDI33_CHUKWUDI027,5987
FDI33_CHUKWUDI045,3702
FDI34_CHUKWUDI018,9661
FDI34_CHUKWUDI046,9718
FDI34_CHUKWUDI049,9978
FDI36_CHUKWUDI046,9000
FDI38_CHUKWUDI010,2122
FDI38_CHUKWUDI046,9266
FDI40_CHUKWUDI017,4257
FDI40_CHUKWUDI018,3686
FDI40_CHUKWUDI035,4194
FDI40_CHUKWUDI045,4162
FDI44_CHUKWUDI017,3141
FDI44_CHUKWUDI027,5535
FDI44_CHUKWUDI049,3128
FDI45_CHUKWUDI013,7105
FDI46_CHUKWUDI018,9943
FDI46_CHUKWUDI046,10286
FDI46_CHUKWUDI049,10286
FDI48_CHUKWUDI017,2730
FDI48_CHUKWUDI035,2888
FDI48_CHUKWUDI049,2588
FDI50_CHUKWUDI013,11485
FDI50_CHUKWUDI018,9907
FDI50_CHUKWUDI049,10193
FDI52_CHUKWUDI035,5161
FDI52_CHUKWUDI045,5023
FDI56_CHUKWUDI017,3843
FDI56_CHUKWUDI018,3015
FDI56_CHUKWUDI027,6226
FDI56_CHUKWUDI046,3786
FDI57_CHUKWUDI013,8307
FDI57_CHUKWUDI046,8049
FDI58_CHUKWUDI017,4015
FDI58_CHUKWUDI045,3748
FDI60_CHUKWUDI018,2134
FDI60_CHUKWUDI045,2423
FDI60_CHUKWUDI046,2548
FDI60_CHUKWUDI049,2548
FDJ03_CHUKWUDI018,2065
FDJ03_CHUKWUDI045,2411
FDJ04_CHUKWUDI035,5236
FDJ04_CHUKWUDI045,5098
FDJ07_CHUKWUDI027,7623
FDJ09_CHUKWUDI017,2684
FDJ09_CHUKWUDI018,2065
FDJ09_CHUKWUDI035,2878
FDJ09_CHUKWUDI045,2411
FDJ09_CHUKWUDI046,2656
FDJ09_CHUKWUDI049,2499
FDJ10_CHUKWUDI027,7773
FDJ12_CHUKWUDI013,10558
FDJ14_CHUKWUDI017,3257
FDJ14_CHUKWUDI019,555
FDJ14_CHUKWUDI046,3114
FDJ16_CHUKWUDI017,2553
FDJ16_CHUKWUDI018,2138
FDJ16_CHUKWUDI035,2553
FDJ16_CHUKWUDI046,2583
FDJ16_CHUKWUDI049,2583
FDJ20_CHUKWUDI045,4738
FDJ22_CHUKWUDI013,7871
FDJ26_CHUKWUDI018,7754
FDJ26_CHUKWUDI046,8812
FDJ27_CHUKWUDI017,4362
FDJ27_CHUKWUDI018,3691
FDJ27_CHUKWUDI045,4162
FDJ28_CHUKWUDI010,1497
FDJ32_CHUKWUDI027,5174
FDJ32_CHUKWUDI045,2467
FDJ32_CHUKWUDI046,2592
FDJ33_CHUKWUDI027,7676
FDJ33_CHUKWUDI035,5075
FDJ34_CHUKWUDI027,7676
FDJ36_CHUKWUDI027,6802
FDJ36_CHUKWUDI035,4362
FDJ36_CHUKWUDI045,4224
FDJ38_CHUKWUDI013,8263
FDJ40_CHUKWUDI027,6847
FDJ40_CHUKWUDI035,4537
FDJ41_CHUKWUDI010,1567
FDJ41_CHUKWUDI013,11550
FDJ41_CHUKWUDI018,8983
FDJ41_CHUKWUDI035,8716
FDJ41_CHUKWUDI046,9256
FDJ44_CHUKWUDI013,7107
FDJ45_CHUKWUDI018,2065
FDJ45_CHUKWUDI019,-123
FDJ45_CHUKWUDI027,4847
FDJ45_CHUKWUDI035,2684
FDJ45_CHUKWUDI045,2374
FDJ45_CHUKWUDI049,2499
FDJ48_CHUKWUDI010,2355
FDJ48_CHUKWUDI013,11452
FDJ48_CHUKWUDI046,8810
FDJ50_CHUKWUDI035,2631
FDJ50_CHUKWUDI045,2364
FDJ50_CHUKWUDI049,2488
FDJ53_CHUKWUDI027,7676
FDJ53_CHUKWUDI035,5351
FDJ55_CHUKWUDI010,2271
FDJ55_CHUKWUDI013,10483
FDJ55_CHUKWUDI018,8817
FDJ55_CHUKWUDI046,9837
FDJ56_CHUKWUDI017,4072
FDJ56_CHUKWUDI019,784
FDJ56_CHUKWUDI027,6607
FDJ56_CHUKWUDI045,4200
FDJ57_CHUKWUDI010,1427
FDJ58_CHUKWUDI013,6758
FDK02_CHUKWUDI035,5193
FDK03_CHUKWUDI010,1977
FDK03_CHUKWUDI018,10190
FDK03_CHUKWUDI046,10533
FDK03_CHUKWUDI049,10533
FDK04_CHUKWUDI017,2684
FDK04_CHUKWUDI027,4986
FDK04_CHUKWUDI045,2416
FDK04_CHUKWUDI046,2541
FDK08_CHUKWUDI018,3672
FDK08_CHUKWUDI019,846
FDK08_CHUKWUDI027,6740
FDK09_CHUKWUDI010,2519
FDK09_CHUKWUDI046,10237
FDK10_CHUKWUDI013,6810
FDK14_CHUKWUDI017,3580
FDK14_CHUKWUDI018,3023
FDK14_CHUKWUDI035,3580
FDK14_CHUKWUDI045,3313
FDK14_CHUKWUDI046,3438
FDK15_CHUKWUDI018,3676
FDK15_CHUKWUDI019,735
FDK15_CHUKWUDI027,6618
FDK15_CHUKWUDI035,4243
FDK16_CHUKWUDI018,3367
FDK16_CHUKWUDI027,6313
FDK16_CHUKWUDI035,3875
FDK16_CHUKWUDI045,3780
FDK20_CHUKWUDI027,7997
FDK20_CHUKWUDI045,5122
FDK21_CHUKWUDI010,2705
FDK21_CHUKWUDI013,13011
FDK21_CHUKWUDI018,12038
FDK21_CHUKWUDI046,10385
FDK21_CHUKWUDI049,11095
FDK22_CHUKWUDI010,1334
FDK22_CHUKWUDI018,8136
FDK24_CHUKWUDI018,2158
FDK24_CHUKWUDI019,-13
FDK24_CHUKWUDI027,4903
FDK24_CHUKWUDI035,2491
FDK24_CHUKWUDI045,2396
FDK24_CHUKWUDI046,2521
FDK27_CHUKWUDI027,7970
FDK27_CHUKWUDI035,5504
FDK28_CHUKWUDI010,2153
FDK28_CHUKWUDI018,11320
FDK28_CHUKWUDI046,11244
FDK33_CHUKWUDI013,9753
FDK34_CHUKWUDI013,11648
FDK34_CHUKWUDI018,10582
FDK36_CHUKWUDI017,2666
FDK36_CHUKWUDI027,5215
FDK36_CHUKWUDI035,2614
FDK36_CHUKWUDI046,2471
FDK40_CHUKWUDI010,2802
FDK40_CHUKWUDI013,12245
FDK40_CHUKWUDI018,9384
FDK40_CHUKWUDI027,15275
FDK40_CHUKWUDI045,9609
FDK40_CHUKWUDI046,9976
FDK40_CHUKWUDI049,9976
FDK41_CHUKWUDI017,3509
FDK41_CHUKWUDI027,5982
FDK41_CHUKWUDI035,3509
FDK41_CHUKWUDI045,3371
FDK41_CHUKWUDI046,3496
FDK43_CHUKWUDI045,5210
FDK45_CHUKWUDI035,4561
FDK45_CHUKWUDI045,4293
FDK46_CHUKWUDI010,3509
FDK46_CHUKWUDI018,10634
FDK48_CHUKWUDI017,3213
FDK48_CHUKWUDI027,5559
FDK48_CHUKWUDI045,2945
FDK48_CHUKWUDI046,3091
FDK48_CHUKWUDI049,3070
FDK51_CHUKWUDI010,3345
FDK51_CHUKWUDI013,12612
FDK51_CHUKWUDI027,14868
FDK51_CHUKWUDI035,11601
FDK51_CHUKWUDI046,9986
FDK51_CHUKWUDI049,9986
FDK52_CHUKWUDI010,2116
FDK52_CHUKWUDI013,9955
FDK52_CHUKWUDI018,8229
FDK55_CHUKWUDI017,3634
FDK55_CHUKWUDI018,3045
FDK55_CHUKWUDI019,626
FDK55_CHUKWUDI035,3634
FDK55_CHUKWUDI045,3428
FDK56_CHUKWUDI010,1396
FDK56_CHUKWUDI013,8301
FDK57_CHUKWUDI027,7676
FDK58_CHUKWUDI018,3740
FDK58_CHUKWUDI019,857
FDK58_CHUKWUDI027,6825
FDK58_CHUKWUDI035,4649
FDK58_CHUKWUDI045,4248
FDK60_CHUKWUDI018,3686
FDK60_CHUKWUDI035,3933
FDL02_CHUKWUDI019,876
FDL03_CHUKWUDI013,8178
FDL04_CHUKWUDI017,4284
FDL04_CHUKWUDI027,6847
FDL04_CHUKWUDI035,4284
FDL08_CHUKWUDI013,11452
FDL08_CHUKWUDI046,8810
FDL10_CHUKWUDI017,4281
FDL10_CHUKWUDI018,3631
FDL10_CHUKWUDI027,6641
FDL10_CHUKWUDI035,3976
FDL10_CHUKWUDI045,4076
FDL12_CHUKWUDI019,28
FDL12_CHUKWUDI027,4945
FDL12_CHUKWUDI035,2619
FDL12_CHUKWUDI046,2606
FDL13_CHUKWUDI010,1912
FDL13_CHUKWUDI013,11009
FDL13_CHUKWUDI018,9375
FDL13_CHUKWUDI049,10258
FDL16_CHUKWUDI017,2515
FDL16_CHUKWUDI018,1730
FDL16_CHUKWUDI019,-13
FDL16_CHUKWUDI049,2545
FDL20_CHUKWUDI017,4408
FDL20_CHUKWUDI027,6847
FDL20_CHUKWUDI035,4408
FDL20_CHUKWUDI045,4270
FDL21_CHUKWUDI019,98
FDL21_CHUKWUDI035,2814
FDL21_CHUKWUDI045,2504
FDL21_CHUKWUDI046,2628
FDL22_CHUKWUDI017,4042
FDL22_CHUKWUDI027,6336
FDL22_CHUKWUDI035,4042
FDL22_CHUKWUDI045,3731
FDL24_CHUKWUDI013,7317
FDL25_CHUKWUDI017,3843
FDL25_CHUKWUDI018,3248
FDL27_CHUKWUDI018,2316
FDL27_CHUKWUDI045,2633
FDL27_CHUKWUDI046,2758
FDL27_CHUKWUDI049,2758
FDL28_CHUKWUDI013,11269
FDL32_CHUKWUDI017,4408
FDL33_CHUKWUDI010,1282
FDL33_CHUKWUDI013,8287
FDL34_CHUKWUDI027,7797
FDL36_CHUKWUDI017,3933
FDL36_CHUKWUDI018,3025
FDL36_CHUKWUDI019,603
FDL36_CHUKWUDI027,5982
FDL36_CHUKWUDI045,3475
FDL38_CHUKWUDI018,3054
FDL38_CHUKWUDI019,620
FDL38_CHUKWUDI027,6213
FDL38_CHUKWUDI035,4054
FDL38_CHUKWUDI045,3786
FDL39_CHUKWUDI013,8646
FDL40_CHUKWUDI018,3436
FDL40_CHUKWUDI019,892
FDL40_CHUKWUDI027,6584
FDL40_CHUKWUDI035,4235
FDL40_CHUKWUDI045,3924
FDL43_CHUKWUDI017,3251
FDL43_CHUKWUDI027,5564
FDL43_CHUKWUDI035,3251
FDL43_CHUKWUDI046,3108
FDL43_CHUKWUDI049,3108
FDL45_CHUKWUDI027,7699
FDL45_CHUKWUDI035,5432
FDL45_CHUKWUDI045,5122
FDL46_CHUKWUDI027,7380
FDL46_CHUKWUDI035,5377
FDL48_CHUKWUDI017,2480
FDL48_CHUKWUDI027,4945
FDL48_CHUKWUDI035,2470
FDL48_CHUKWUDI046,2457
FDL48_CHUKWUDI049,2457
FDL51_CHUKWUDI013,8895
FDL51_CHUKWUDI046,8266
FDL52_CHUKWUDI017,2374
FDL52_CHUKWUDI018,2022
FDL52_CHUKWUDI019,-21
FDL52_CHUKWUDI027,4931
FDL52_CHUKWUDI046,2321
FDL56_CHUKWUDI018,3051
FDL56_CHUKWUDI019,581
FDL56_CHUKWUDI027,5993
FDL56_CHUKWUDI035,3509
FDL56_CHUKWUDI045,3371
FDL57_CHUKWUDI013,12144
FDL57_CHUKWUDI018,10461
FDL57_CHUKWUDI049,10549
FDL58_CHUKWUDI010,495
FDL58_CHUKWUDI013,8975
FDL58_CHUKWUDI018,8453
FDL58_CHUKWUDI035,8854
FDL58_CHUKWUDI045,7244
FDL58_CHUKWUDI046,9044
FDL58_CHUKWUDI049,9044
FDM01_CHUKWUDI017,4245
FDM01_CHUKWUDI018,3617
FDM01_CHUKWUDI027,6802
FDM01_CHUKWUDI035,4245
FDM02_CHUKWUDI017,3638
FDM02_CHUKWUDI018,3025
FDM02_CHUKWUDI035,3638
FDM02_CHUKWUDI046,3496
FDM03_CHUKWUDI017,4365
FDM03_CHUKWUDI027,7145
FDM03_CHUKWUDI035,4365
FDM04_CHUKWUDI017,2740
FDM04_CHUKWUDI018,2183
FDM04_CHUKWUDI035,2740
FDM04_CHUKWUDI046,2597
FDM04_CHUKWUDI049,2597
FDM08_CHUKWUDI010,1175
FDM08_CHUKWUDI013,10304
FDM08_CHUKWUDI046,9417
FDM10_CHUKWUDI013,9324
FDM12_CHUKWUDI010,1437
FDM14_CHUKWUDI027,7118
FDM14_CHUKWUDI035,4667
FDM16_CHUKWUDI018,2629
FDM16_CHUKWUDI046,3043
FDM20_CHUKWUDI013,11914
FDM20_CHUKWUDI018,10964
FDM20_CHUKWUDI046,10357
FDM21_CHUKWUDI049,10232
FDM22_CHUKWUDI019,57
FDM22_CHUKWUDI027,5010
FDM22_CHUKWUDI035,2797
FDM25_CHUKWUDI013,7081
FDM28_CHUKWUDI010,1108
FDM28_CHUKWUDI013,7105
FDM32_CHUKWUDI018,3059
FDM32_CHUKWUDI046,3875
FDM33_CHUKWUDI013,10358
FDM33_CHUKWUDI018,8752
FDM33_CHUKWUDI046,8812
FDM34_CHUKWUDI027,7773
FDM36_CHUKWUDI013,6732
FDM38_CHUKWUDI046,2422
FDM39_CHUKWUDI010,978
FDM39_CHUKWUDI013,6926
FDM44_CHUKWUDI017,4486
FDM44_CHUKWUDI019,888
FDM44_CHUKWUDI045,4219
FDM45_CHUKWUDI035,5055
FDM45_CHUKWUDI045,4960
FDM46_CHUKWUDI027,6313
FDM46_CHUKWUDI035,3843
FDM46_CHUKWUDI045,3748
FDM50_CHUKWUDI018,2168
FDM50_CHUKWUDI027,5169
FDM50_CHUKWUDI035,2743
FDM50_CHUKWUDI045,2475
FDM51_CHUKWUDI017,4395
FDM51_CHUKWUDI035,4520
FDM51_CHUKWUDI045,4252
FDM56_CHUKWUDI017,4580
FDM56_CHUKWUDI019,951
FDM56_CHUKWUDI027,6847
FDM57_CHUKWUDI017,3466
FDM57_CHUKWUDI035,3638
FDM57_CHUKWUDI045,3371
FDM57_CHUKWUDI046,3496
FDM58_CHUKWUDI017,4408
FDM58_CHUKWUDI027,7145
FDM60_CHUKWUDI017,2784
FDM60_CHUKWUDI018,2131
FDM60_CHUKWUDI046,2508
FDM60_CHUKWUDI049,2508
FDN01_CHUKWUDI010,1030
FDN02_CHUKWUDI013,10096
FDN02_CHUKWUDI046,9181
FDN03_CHUKWUDI010,3454
FDN03_CHUKWUDI046,11250
FDN04_CHUKWUDI013,7183
FDN08_CHUKWUDI027,7380
FDN08_CHUKWUDI045,4729
FDN09_CHUKWUDI010,2085
FDN09_CHUKWUDI013,11466
FDN09_CHUKWUDI018,10155
FDN10_CHUKWUDI027,7699
FDN10_CHUKWUDI035,5389
FDN10_CHUKWUDI045,5122
FDN12_CHUKWUDI027,7711
FDN12_CHUKWUDI045,4270
FDN13_CHUKWUDI017,4162
FDN13_CHUKWUDI019,725
FDN13_CHUKWUDI045,3720
FDN15_CHUKWUDI027,7980
FDN16_CHUKWUDI017,4492
FDN16_CHUKWUDI045,4224
FDN22_CHUKWUDI013,10978
FDN22_CHUKWUDI018,9345
FDN24_CHUKWUDI017,2610
FDN24_CHUKWUDI019,28
FDN24_CHUKWUDI027,4945
FDN24_CHUKWUDI045,2472
FDN24_CHUKWUDI046,2597
FDN25_CHUKWUDI018,2043
FDN25_CHUKWUDI019,15
FDN25_CHUKWUDI035,2657
FDN25_CHUKWUDI049,2514
FDN27_CHUKWUDI027,7404
FDN27_CHUKWUDI035,4749
FDN28_CHUKWUDI017,4195
FDN28_CHUKWUDI018,3509
FDN28_CHUKWUDI035,4195
FDN31_CHUKWUDI013,8044
FDN33_CHUKWUDI027,6313
FDN34_CHUKWUDI013,6912
FDN38_CHUKWUDI013,12747
FDN38_CHUKWUDI018,9210
FDN38_CHUKWUDI046,10663
FDN39_CHUKWUDI013,6813
FDN45_CHUKWUDI046,9791
FDN46_CHUKWUDI017,4455
FDN46_CHUKWUDI035,4273
FDN46_CHUKWUDI045,4116
FDN48_CHUKWUDI018,3355
FDN48_CHUKWUDI019,603
FDN48_CHUKWUDI027,5993
FDN48_CHUKWUDI035,3742
FDN48_CHUKWUDI045,3794
FDN49_CHUKWUDI018,2100
FDN49_CHUKWUDI035,2521
FDN49_CHUKWUDI046,2508
FDN49_CHUKWUDI049,2508
FDN50_CHUKWUDI018,3440
FDN50_CHUKWUDI027,6341
FDN52_CHUKWUDI027,5982
FDN57_CHUKWUDI027,8052
FDN58_CHUKWUDI013,11549
FDN58_CHUKWUDI018,9375
FDN58_CHUKWUDI046,10258
FDN58_CHUKWUDI049,10258
FDO01_CHUKWUDI027,8011
FDO01_CHUKWUDI045,4897
FDO03_CHUKWUDI018,10154
FDO04_CHUKWUDI017,2931
FDO04_CHUKWUDI018,2202
FDO04_CHUKWUDI027,5015
FDO04_CHUKWUDI046,2616
FDO09_CHUKWUDI013,10955
FDO09_CHUKWUDI045,8529
FDO09_CHUKWUDI046,8896
FDO09_CHUKWUDI049,8896
FDO10_CHUKWUDI017,2860
FDO10_CHUKWUDI019,204
FDO10_CHUKWUDI027,5257
FDO10_CHUKWUDI035,2860
FDO10_CHUKWUDI045,2620
FDO10_CHUKWUDI046,2718
FDO11_CHUKWUDI010,3186
FDO11_CHUKWUDI046,10161
FDO11_CHUKWUDI049,8685
FDO12_CHUKWUDI013,8283
FDO12_CHUKWUDI046,8026
FDO15_CHUKWUDI017,3356
FDO15_CHUKWUDI018,2738
FDO15_CHUKWUDI019,389
FDO15_CHUKWUDI027,5718
FDO15_CHUKWUDI035,3356
FDO15_CHUKWUDI049,3170
FDO16_CHUKWUDI018,2891
FDO16_CHUKWUDI045,3349
FDO16_CHUKWUDI046,3474
FDO16_CHUKWUDI049,3474
FDO19_CHUKWUDI017,2878
FDO19_CHUKWUDI018,2058
FDO19_CHUKWUDI027,5128
FDO19_CHUKWUDI035,2764
FDO19_CHUKWUDI045,2453
FDO19_CHUKWUDI046,2578
FDO19_CHUKWUDI049,2589
FDO20_CHUKWUDI013,11078
FDO20_CHUKWUDI018,9887
FDO20_CHUKWUDI046,11336
FDO20_CHUKWUDI049,9232
FDO21_CHUKWUDI013,10358
FDO21_CHUKWUDI018,8537
FDO21_CHUKWUDI046,10299
FDO22_CHUKWUDI017,3681
FDO22_CHUKWUDI018,2651
FDO22_CHUKWUDI035,3428
FDO22_CHUKWUDI045,3046
FDO22_CHUKWUDI049,3171
FDO23_CHUKWUDI017,3933
FDO23_CHUKWUDI018,3825
FDO23_CHUKWUDI019,679
FDO23_CHUKWUDI027,6313
FDO23_CHUKWUDI035,3933
FDO23_CHUKWUDI045,3951
FDO25_CHUKWUDI010,1548
FDO25_CHUKWUDI046,8750
FDO27_CHUKWUDI018,3172
FDO27_CHUKWUDI027,6302
FDO27_CHUKWUDI045,3638
FDO28_CHUKWUDI027,7676
FDO28_CHUKWUDI035,4975
FDO31_CHUKWUDI017,3064
FDO31_CHUKWUDI018,2815
FDO31_CHUKWUDI027,5977
FDO31_CHUKWUDI046,2922
FDO32_CHUKWUDI017,2259
FDO32_CHUKWUDI018,2012
FDO32_CHUKWUDI027,4903
FDO32_CHUKWUDI035,2259
FDO32_CHUKWUDI045,2254
FDO32_CHUKWUDI046,2379
FDO32_CHUKWUDI049,2379
FDO36_CHUKWUDI013,7008
FDO37_CHUKWUDI010,2511
FDO37_CHUKWUDI013,11394
FDO37_CHUKWUDI018,10309
FDO37_CHUKWUDI049,10364
FDO38_CHUKWUDI017,3314
FDO38_CHUKWUDI018,2658
FDO38_CHUKWUDI027,5535
FDO38_CHUKWUDI045,3003
FDO38_CHUKWUDI049,3128
FDO39_CHUKWUDI013,8278
FDO44_CHUKWUDI027,6847
FDO44_CHUKWUDI035,4365
FDO44_CHUKWUDI045,4270
FDO45_CHUKWUDI017,3766
FDO45_CHUKWUDI018,3105
FDO45_CHUKWUDI027,6006
FDO45_CHUKWUDI045,3394
FDO45_CHUKWUDI046,3623
FDO46_CHUKWUDI013,8045
FDO48_CHUKWUDI013,10078
FDO48_CHUKWUDI018,8812
FDO48_CHUKWUDI046,9163
FDO49_CHUKWUDI019,15
FDO49_CHUKWUDI027,4968
FDO49_CHUKWUDI046,2555
FDO49_CHUKWUDI049,2545
FDO50_CHUKWUDI017,3942
FDO50_CHUKWUDI018,3143
FDO50_CHUKWUDI027,6313
FDO50_CHUKWUDI046,3919
FDO51_CHUKWUDI018,2022
FDO51_CHUKWUDI027,4931
FDO52_CHUKWUDI013,7179
FDO56_CHUKWUDI035,5079
FDO56_CHUKWUDI045,5107
FDO60_CHUKWUDI017,2733
FDO60_CHUKWUDI018,2160
FDO60_CHUKWUDI027,4931
FDO60_CHUKWUDI035,2696
FDO60_CHUKWUDI046,2510
FDP03_CHUKWUDI035,5085
FDP03_CHUKWUDI045,4908
FDP04_CHUKWUDI018,2164
FDP04_CHUKWUDI027,5394
FDP04_CHUKWUDI045,2895
FDP04_CHUKWUDI046,3020
FDP04_CHUKWUDI049,2685
FDP07_CHUKWUDI013,8432
FDP07_CHUKWUDI046,7924
FDP08_CHUKWUDI013,8257
FDP10_CHUKWUDI017,4329
FDP10_CHUKWUDI027,6847
FDP10_CHUKWUDI035,4284
FDP10_CHUKWUDI045,4191
FDP11_CHUKWUDI010,1337
FDP11_CHUKWUDI013,9727
FDP11_CHUKWUDI046,8812
FDP12_CHUKWUDI017,2651
FDP12_CHUKWUDI035,2651
FDP12_CHUKWUDI045,2383
FDP12_CHUKWUDI046,2508
FDP12_CHUKWUDI049,2508
FDP13_CHUKWUDI018,2026
FDP13_CHUKWUDI019,-49
FDP13_CHUKWUDI027,4866
FDP13_CHUKWUDI049,2434
FDP15_CHUKWUDI010,3832
FDP16_CHUKWUDI010,1948
FDP16_CHUKWUDI018,9667
FDP16_CHUKWUDI046,8869
FDP16_CHUKWUDI049,8869
FDP19_CHUKWUDI045,5196
FDP20_CHUKWUDI045,5043
FDP22_CHUKWUDI017,2601
FDP22_CHUKWUDI018,2143
FDP22_CHUKWUDI027,5284
FDP22_CHUKWUDI035,2601
FDP22_CHUKWUDI045,2463
FDP22_CHUKWUDI049,2546
FDP23_CHUKWUDI013,9733
FDP23_CHUKWUDI018,8116
FDP24_CHUKWUDI027,7676
FDP24_CHUKWUDI045,4832
FDP25_CHUKWUDI010,1507
FDP25_CHUKWUDI018,8140
FDP25_CHUKWUDI046,9232
FDP26_CHUKWUDI017,4072
FDP26_CHUKWUDI018,3617
FDP26_CHUKWUDI019,876
FDP27_CHUKWUDI010,1427
FDP27_CHUKWUDI013,8301
FDP28_CHUKWUDI010,2556
FDP28_CHUKWUDI013,12170
FDP28_CHUKWUDI018,10536
FDP28_CHUKWUDI045,10092
FDP28_CHUKWUDI046,9777
FDP28_CHUKWUDI049,9777
FDP31_CHUKWUDI017,2698
FDP31_CHUKWUDI018,1696
FDP31_CHUKWUDI027,5383
FDP31_CHUKWUDI035,2362
FDP31_CHUKWUDI046,2684
FDP33_CHUKWUDI013,12799
FDP33_CHUKWUDI018,10702
FDP33_CHUKWUDI046,11129
FDP36_CHUKWUDI017,2491
FDP36_CHUKWUDI018,2210
FDP37_CHUKWUDI045,5196
FDP38_CHUKWUDI017,2711
FDP38_CHUKWUDI027,4981
FDP38_CHUKWUDI049,2568
FDP39_CHUKWUDI017,2730
FDP39_CHUKWUDI018,2117
FDP39_CHUKWUDI019,15
FDP39_CHUKWUDI027,4986
FDP39_CHUKWUDI045,2463
FDP39_CHUKWUDI049,2588
FDP40_CHUKWUDI019,886
FDP40_CHUKWUDI035,4301
FDP44_CHUKWUDI035,4300
FDP44_CHUKWUDI045,4224
FDP45_CHUKWUDI046,10024
FDP45_CHUKWUDI049,10024
FDP46_CHUKWUDI019,592
FDP46_CHUKWUDI035,4018
FDP46_CHUKWUDI046,3653
FDP49_CHUKWUDI018,2210
FDP49_CHUKWUDI019,15
FDP49_CHUKWUDI027,4986
FDP49_CHUKWUDI045,2449
FDP49_CHUKWUDI046,2574
FDP49_CHUKWUDI049,2574
FDP52_CHUKWUDI018,9512
FDP52_CHUKWUDI046,9855
FDP56_CHUKWUDI017,2603
FDP56_CHUKWUDI018,2036
FDP56_CHUKWUDI027,4968
FDP56_CHUKWUDI045,2325
FDP56_CHUKWUDI049,2450
FDP57_CHUKWUDI017,4535
FDP57_CHUKWUDI035,4535
FDP57_CHUKWUDI045,4224
FDP58_CHUKWUDI018,7754
FDP59_CHUKWUDI027,6802
FDP59_CHUKWUDI045,3686
FDP60_CHUKWUDI017,4535
FDP60_CHUKWUDI027,6618
FDP60_CHUKWUDI035,4410
FDP60_CHUKWUDI045,4224
FDQ01_CHUKWUDI018,8975
FDQ01_CHUKWUDI049,9553
FDQ03_CHUKWUDI013,11212
FDQ03_CHUKWUDI049,9483
FDQ04_CHUKWUDI019,-63
FDQ04_CHUKWUDI049,2333
FDQ07_CHUKWUDI018,8430
FDQ07_CHUKWUDI046,9417
FDQ08_CHUKWUDI017,2866
FDQ08_CHUKWUDI019,150
FDQ08_CHUKWUDI027,5389
FDQ08_CHUKWUDI035,2866
FDQ08_CHUKWUDI045,2555
FDQ08_CHUKWUDI046,2662
FDQ09_CHUKWUDI027,7380
FDQ09_CHUKWUDI035,5024
FDQ09_CHUKWUDI045,4789
FDQ10_CHUKWUDI013,6756
FDQ11_CHUKWUDI018,11150
FDQ11_CHUKWUDI046,10963
FDQ12_CHUKWUDI046,10258
FDQ13_CHUKWUDI019,666
FDQ13_CHUKWUDI027,6253
FDQ13_CHUKWUDI035,3754
FDQ13_CHUKWUDI045,3486
FDQ13_CHUKWUDI049,3611
FDQ15_CHUKWUDI027,5982
FDQ15_CHUKWUDI035,3110
FDQ15_CHUKWUDI046,3620
FDQ15_CHUKWUDI049,3464
FDQ16_CHUKWUDI017,4525
FDQ16_CHUKWUDI035,4525
FDQ16_CHUKWUDI045,4214
FDQ19_CHUKWUDI010,2364
FDQ19_CHUKWUDI013,12487
FDQ20_CHUKWUDI017,2527
FDQ20_CHUKWUDI027,4902
FDQ20_CHUKWUDI035,2527
FDQ20_CHUKWUDI045,2259
FDQ21_CHUKWUDI045,5013
FDQ22_CHUKWUDI027,4902
FDQ22_CHUKWUDI045,2368
FDQ22_CHUKWUDI049,2493
FDQ23_CHUKWUDI017,4275
FDQ23_CHUKWUDI019,880
FDQ23_CHUKWUDI027,7017
FDQ23_CHUKWUDI035,4213
FDQ24_CHUKWUDI013,11782
FDQ24_CHUKWUDI018,9771
FDQ26_CHUKWUDI017,2749
FDQ26_CHUKWUDI018,2117
FDQ26_CHUKWUDI027,4986
FDQ26_CHUKWUDI035,2749
FDQ26_CHUKWUDI045,2463
FDQ26_CHUKWUDI046,2588
FDQ26_CHUKWUDI049,2745
FDQ27_CHUKWUDI019,857
FDQ31_CHUKWUDI018,2749
FDQ31_CHUKWUDI027,5993
FDQ31_CHUKWUDI035,3288
FDQ31_CHUKWUDI049,3226
FDQ32_CHUKWUDI027,7699
FDQ32_CHUKWUDI035,5432
FDQ34_CHUKWUDI017,4350
FDQ34_CHUKWUDI019,877
FDQ34_CHUKWUDI035,4350
FDQ34_CHUKWUDI045,4255
FDQ36_CHUKWUDI017,2404
FDQ36_CHUKWUDI018,1656
FDQ36_CHUKWUDI019,125
FDQ36_CHUKWUDI035,2404
FDQ36_CHUKWUDI045,2309
FDQ36_CHUKWUDI046,2434
FDQ36_CHUKWUDI049,2434
FDQ37_CHUKWUDI010,954
FDQ37_CHUKWUDI013,8088
FDQ39_CHUKWUDI010,1437
FDQ39_CHUKWUDI013,8260
FDQ40_CHUKWUDI013,7105
FDQ44_CHUKWUDI035,5401
FDQ45_CHUKWUDI010,1473
FDQ45_CHUKWUDI013,8322
FDQ46_CHUKWUDI035,4318
FDQ46_CHUKWUDI045,4223
FDQ47_CHUKWUDI017,2432
FDQ47_CHUKWUDI018,1684
FDQ47_CHUKWUDI035,2432
FDQ47_CHUKWUDI045,2337
FDQ48_CHUKWUDI017,4129
FDQ48_CHUKWUDI018,3435
FDQ48_CHUKWUDI027,6336
FDQ48_CHUKWUDI035,4129
FDQ51_CHUKWUDI017,2878
FDQ51_CHUKWUDI027,5128
FDQ51_CHUKWUDI035,2764
FDQ52_CHUKWUDI013,10479
FDQ52_CHUKWUDI018,8846
FDQ52_CHUKWUDI049,10330
FDQ55_CHUKWUDI027,7674
FDQ55_CHUKWUDI035,5223
FDQ55_CHUKWUDI045,4956
FDQ56_CHUKWUDI018,2963
FDQ56_CHUKWUDI027,5982
FDQ56_CHUKWUDI035,3210
FDQ56_CHUKWUDI046,3330
FDQ56_CHUKWUDI049,3330
FDQ59_CHUKWUDI027,6280
FDQ59_CHUKWUDI035,3624
FDQ59_CHUKWUDI045,3356
FDQ59_CHUKWUDI046,3481
FDR01_CHUKWUDI013,9584
FDR02_CHUKWUDI045,4344
FDR04_CHUKWUDI017,4359
FDR04_CHUKWUDI018,3269
FDR04_CHUKWUDI027,6528
FDR04_CHUKWUDI045,3787
FDR07_CHUKWUDI018,3663
FDR07_CHUKWUDI019,690
FDR07_CHUKWUDI027,6313
FDR08_CHUKWUDI017,4529
FDR08_CHUKWUDI035,4529
FDR08_CHUKWUDI045,4218
FDR09_CHUKWUDI010,2103
FDR09_CHUKWUDI013,11767
FDR09_CHUKWUDI018,9830
FDR09_CHUKWUDI049,11083
FDR12_CHUKWUDI013,6726
FDR14_CHUKWUDI017,2567
FDR14_CHUKWUDI019,28
FDR14_CHUKWUDI027,4945
FDR14_CHUKWUDI046,2597
FDR20_CHUKWUDI017,2704
FDR20_CHUKWUDI018,2104
FDR20_CHUKWUDI035,2704
FDR20_CHUKWUDI045,2393
FDR20_CHUKWUDI049,2518
FDR21_CHUKWUDI013,6982
FDR22_CHUKWUDI027,7062
FDR22_CHUKWUDI045,4265
FDR23_CHUKWUDI013,7107
FDR24_CHUKWUDI017,3785
FDR24_CHUKWUDI027,5982
FDR24_CHUKWUDI035,4018
FDR24_CHUKWUDI045,3371
FDR25_CHUKWUDI018,8837
FDR25_CHUKWUDI027,14234
FDR25_CHUKWUDI045,8727
FDR25_CHUKWUDI046,8852
FDR26_CHUKWUDI010,1017
FDR26_CHUKWUDI013,5965
FDR27_CHUKWUDI027,7773
FDR32_CHUKWUDI013,11179
FDR32_CHUKWUDI046,9927
FDR33_CHUKWUDI017,4484
FDR33_CHUKWUDI019,910
FDR33_CHUKWUDI035,4484
FDR33_CHUKWUDI045,4216
FDR34_CHUKWUDI018,10522
FDR34_CHUKWUDI046,10404
FDR34_CHUKWUDI049,10404
FDR35_CHUKWUDI013,8571
FDR35_CHUKWUDI046,7642
FDR36_CHUKWUDI017,2312
FDR36_CHUKWUDI035,2312
FDR36_CHUKWUDI045,2217
FDR37_CHUKWUDI010,758
FDR37_CHUKWUDI013,8275
FDR40_CHUKWUDI027,5806
FDR40_CHUKWUDI049,3244
FDR43_CHUKWUDI018,1730
FDR43_CHUKWUDI027,4866
FDR43_CHUKWUDI035,2521
FDR43_CHUKWUDI045,2383
FDR43_CHUKWUDI046,2508
FDR43_CHUKWUDI049,2508
FDR44_CHUKWUDI027,7773
FDR45_CHUKWUDI049,10145
FDR47_CHUKWUDI010,1488
FDR49_CHUKWUDI018,1962
FDR49_CHUKWUDI035,2377
FDR49_CHUKWUDI046,2417
FDR52_CHUKWUDI010,1519
FDR52_CHUKWUDI013,8376
FDR55_CHUKWUDI013,8301
FDR58_CHUKWUDI018,3228
FDR58_CHUKWUDI027,6336
FDR58_CHUKWUDI035,3708
FDR58_CHUKWUDI045,3617
FDR59_CHUKWUDI010,3522
FDR59_CHUKWUDI013,12434
FDR59_CHUKWUDI027,14964
FDR59_CHUKWUDI035,12384
FDR59_CHUKWUDI046,11143
FDR59_CHUKWUDI049,11143
FDR60_CHUKWUDI017,3141
FDR60_CHUKWUDI018,2684
FDR60_CHUKWUDI027,5535
FDR60_CHUKWUDI035,3141
FDR60_CHUKWUDI046,3128
FDS02_CHUKWUDI046,8026
FDS03_CHUKWUDI018,2087
FDS03_CHUKWUDI019,346
FDS03_CHUKWUDI027,5383
FDS03_CHUKWUDI035,2838
FDS03_CHUKWUDI046,2867
FDS09_CHUKWUDI017,2398
FDS09_CHUKWUDI019,-26
FDS09_CHUKWUDI027,4986
FDS09_CHUKWUDI045,2303
FDS10_CHUKWUDI010,1008
FDS11_CHUKWUDI046,9867
FDS12_CHUKWUDI035,5179
FDS13_CHUKWUDI010,-1148
FDS13_CHUKWUDI013,8101
FDS13_CHUKWUDI018,9547
FDS13_CHUKWUDI019,-4
FDS13_CHUKWUDI045,7475
FDS13_CHUKWUDI046,7842
FDS15_CHUKWUDI017,4350
FDS15_CHUKWUDI045,4255
FDS19_CHUKWUDI017,3271
FDS19_CHUKWUDI035,3271
FDS19_CHUKWUDI045,3160
FDS19_CHUKWUDI046,3128
FDS19_CHUKWUDI049,3128
FDS20_CHUKWUDI013,8275
FDS21_CHUKWUDI018,2123
FDS21_CHUKWUDI019,150
FDS21_CHUKWUDI049,2937
FDS22_CHUKWUDI045,2485
FDS22_CHUKWUDI046,2573
FDS23_CHUKWUDI045,5034
FDS24_CHUKWUDI018,2822
FDS24_CHUKWUDI035,3317
FDS24_CHUKWUDI045,3007
FDS24_CHUKWUDI046,3132
FDS24_CHUKWUDI049,3132
FDS25_CHUKWUDI017,4318
FDS25_CHUKWUDI027,6847
FDS25_CHUKWUDI045,4223
FDS26_CHUKWUDI010,2833
FDS26_CHUKWUDI013,13310
FDS26_CHUKWUDI049,12265
FDS27_CHUKWUDI013,7506
FDS27_CHUKWUDI046,7796
FDS28_CHUKWUDI017,2484
FDS28_CHUKWUDI018,2069
FDS28_CHUKWUDI027,4986
FDS28_CHUKWUDI035,2484
FDS28_CHUKWUDI045,2389
FDS28_CHUKWUDI049,2514
FDS31_CHUKWUDI013,7105
FDS32_CHUKWUDI027,8046
FDS33_CHUKWUDI017,3314
FDS33_CHUKWUDI018,3141
FDS33_CHUKWUDI019,581
FDS33_CHUKWUDI027,5982
FDS33_CHUKWUDI045,3309
FDS33_CHUKWUDI046,3434
FDS34_CHUKWUDI027,6847
FDS34_CHUKWUDI035,4862
FDS34_CHUKWUDI045,4724
FDS35_CHUKWUDI017,2897
FDS35_CHUKWUDI018,2482
FDS35_CHUKWUDI027,5383
FDS35_CHUKWUDI045,2802
FDS35_CHUKWUDI046,2927
FDS36_CHUKWUDI017,4452
FDS36_CHUKWUDI035,4452
FDS36_CHUKWUDI045,4184
FDS37_CHUKWUDI035,4983
FDS37_CHUKWUDI045,4715
FDS40_CHUKWUDI017,2763
FDS40_CHUKWUDI019,-17
FDS40_CHUKWUDI027,5127
FDS40_CHUKWUDI045,2452
FDS40_CHUKWUDI049,2577
FDS44_CHUKWUDI018,9186
FDS44_CHUKWUDI046,9572
FDS44_CHUKWUDI049,9572
FDS45_CHUKWUDI017,4357
FDS45_CHUKWUDI019,886
FDS45_CHUKWUDI035,4402
FDS45_CHUKWUDI045,4224
FDS47_CHUKWUDI017,3509
FDS47_CHUKWUDI027,6280
FDS47_CHUKWUDI035,3509
FDS47_CHUKWUDI045,3528
FDS47_CHUKWUDI046,3496
FDS47_CHUKWUDI049,3600
FDS49_CHUKWUDI017,3313
FDS49_CHUKWUDI018,2669
FDS49_CHUKWUDI035,3414
FDS49_CHUKWUDI045,2989
FDS50_CHUKWUDI046,9417
FDS51_CHUKWUDI027,5169
FDS51_CHUKWUDI046,2600
FDS51_CHUKWUDI049,2600
FDS52_CHUKWUDI017,4418
FDS52_CHUKWUDI018,3541
FDS52_CHUKWUDI019,987
FDS52_CHUKWUDI027,7100
FDS52_CHUKWUDI035,4356
FDS52_CHUKWUDI045,4026
FDS56_CHUKWUDI010,1198
FDS56_CHUKWUDI013,10647
FDS56_CHUKWUDI035,9094
FDS56_CHUKWUDI046,11355
FDS56_CHUKWUDI049,9283
FDS57_CHUKWUDI027,8052
FDS59_CHUKWUDI027,6871
FDS59_CHUKWUDI035,4604
FDS59_CHUKWUDI045,4293
FDS60_CHUKWUDI013,6029
FDT01_CHUKWUDI046,8801
FDT02_CHUKWUDI017,2715
FDT02_CHUKWUDI018,2131
FDT02_CHUKWUDI035,2715
FDT02_CHUKWUDI046,2573
FDT03_CHUKWUDI010,-751
FDT04_CHUKWUDI017,2521
FDT04_CHUKWUDI018,2172
FDT04_CHUKWUDI035,2521
FDT04_CHUKWUDI045,2383
FDT07_CHUKWUDI013,12872
FDT07_CHUKWUDI018,10251
FDT07_CHUKWUDI046,10838
FDT07_CHUKWUDI049,10701
FDT09_CHUKWUDI027,8067
FDT10_CHUKWUDI017,2774
FDT10_CHUKWUDI018,2135
FDT10_CHUKWUDI045,2481
FDT10_CHUKWUDI046,2588
FDT11_CHUKWUDI010,1284
FDT12_CHUKWUDI010,1329
FDT12_CHUKWUDI013,11153
FDT12_CHUKWUDI018,9597
FDT12_CHUKWUDI046,10100
FDT13_CHUKWUDI010,1396
FDT14_CHUKWUDI027,7676
FDT14_CHUKWUDI035,5179
FDT15_CHUKWUDI010,1581
FDT16_CHUKWUDI018,10691
FDT16_CHUKWUDI046,10491
FDT16_CHUKWUDI049,10051
FDT19_CHUKWUDI013,7095
FDT20_CHUKWUDI027,4931
FDT20_CHUKWUDI035,2651
FDT20_CHUKWUDI045,2383
FDT20_CHUKWUDI046,2508
FDT20_CHUKWUDI049,2508
FDT21_CHUKWUDI013,10515
FDT21_CHUKWUDI018,11227
FDT21_CHUKWUDI046,11578
FDT21_CHUKWUDI049,11578
FDT22_CHUKWUDI018,2138
FDT22_CHUKWUDI027,4945
FDT22_CHUKWUDI035,2553
FDT22_CHUKWUDI045,2467
FDT22_CHUKWUDI049,2583
FDT23_CHUKWUDI018,2584
FDT23_CHUKWUDI045,2929
FDT23_CHUKWUDI046,3054
FDT23_CHUKWUDI049,3054
FDT24_CHUKWUDI018,2586
FDT24_CHUKWUDI027,5833
FDT24_CHUKWUDI035,3112
FDT24_CHUKWUDI045,3017
FDT24_CHUKWUDI046,3285
FDT24_CHUKWUDI049,3142
FDT25_CHUKWUDI035,5319
FDT25_CHUKWUDI045,5052
FDT26_CHUKWUDI027,7676
FDT26_CHUKWUDI035,5330
FDT26_CHUKWUDI045,5019
FDT27_CHUKWUDI013,11009
FDT27_CHUKWUDI046,9895
FDT31_CHUKWUDI013,7945
FDT32_CHUKWUDI010,1338
FDT34_CHUKWUDI017,4791
FDT34_CHUKWUDI035,4350
FDT34_CHUKWUDI045,4210
FDT36_CHUKWUDI018,2100
FDT36_CHUKWUDI027,4806
FDT36_CHUKWUDI045,2383
FDT36_CHUKWUDI046,2508
FDT37_CHUKWUDI013,11768
FDT38_CHUKWUDI018,2950
FDT38_CHUKWUDI045,3296
FDT38_CHUKWUDI049,3421
FDT40_CHUKWUDI027,7676
FDT40_CHUKWUDI035,5089
FDT40_CHUKWUDI045,5000
FDT43_CHUKWUDI017,2848
FDT43_CHUKWUDI018,2141
FDT43_CHUKWUDI035,2806
FDT43_CHUKWUDI045,2537
FDT43_CHUKWUDI046,2662
FDT43_CHUKWUDI049,2662
FDT44_CHUKWUDI045,4803
FDT45_CHUKWUDI018,2117
FDT45_CHUKWUDI035,2774
FDT45_CHUKWUDI046,2588
FDT46_CHUKWUDI017,2725
FDT46_CHUKWUDI018,2168
FDT46_CHUKWUDI019,57
FDT46_CHUKWUDI027,4981
FDT46_CHUKWUDI035,2888
FDT46_CHUKWUDI045,2415
FDT47_CHUKWUDI027,6528
FDT47_CHUKWUDI045,3829
FDT48_CHUKWUDI013,8898
FDT48_CHUKWUDI046,8640
FDT49_CHUKWUDI017,4318
FDT49_CHUKWUDI027,6802
FDT49_CHUKWUDI035,4318
FDT49_CHUKWUDI045,4178
FDT50_CHUKWUDI018,3294
FDT50_CHUKWUDI027,6313
FDT50_CHUKWUDI035,3724
FDT50_CHUKWUDI045,3629
FDT51_CHUKWUDI019,960
FDT52_CHUKWUDI018,9898
FDT52_CHUKWUDI046,10185
FDT52_CHUKWUDI049,9918
FDT56_CHUKWUDI018,2153
FDT56_CHUKWUDI027,4945
FDT56_CHUKWUDI035,2610
FDT56_CHUKWUDI045,2472
FDT57_CHUKWUDI010,2252
FDT57_CHUKWUDI013,11606
FDT57_CHUKWUDI049,10315
FDT59_CHUKWUDI018,10012
FDT59_CHUKWUDI049,10500
FDT60_CHUKWUDI045,5098
FDU02_CHUKWUDI013,11273
FDU02_CHUKWUDI046,9956
FDU02_CHUKWUDI049,9956
FDU04_CHUKWUDI035,5325
FDU08_CHUKWUDI018,3392
FDU08_CHUKWUDI027,6612
FDU08_CHUKWUDI035,4410
FDU09_CHUKWUDI027,4986
FDU09_CHUKWUDI049,2514
FDU10_CHUKWUDI017,2651
FDU10_CHUKWUDI018,2131
FDU10_CHUKWUDI049,2508
FDU11_CHUKWUDI027,7676
FDU11_CHUKWUDI035,4783
FDU11_CHUKWUDI045,4778
FDU12_CHUKWUDI010,2630
FDU12_CHUKWUDI013,12284
FDU12_CHUKWUDI018,9390
FDU12_CHUKWUDI027,14814
FDU12_CHUKWUDI035,9919
FDU12_CHUKWUDI045,10868
FDU12_CHUKWUDI046,10993
FDU12_CHUKWUDI049,10525
FDU14_CHUKWUDI010,2682
FDU14_CHUKWUDI046,10771
FDU15_CHUKWUDI017,2798
FDU15_CHUKWUDI045,2531
FDU15_CHUKWUDI046,2527
FDU15_CHUKWUDI049,2527
FDU16_CHUKWUDI045,3449
FDU16_CHUKWUDI049,3417
FDU19_CHUKWUDI013,7010
FDU20_CHUKWUDI027,7914
FDU20_CHUKWUDI035,5427
FDU20_CHUKWUDI045,5116
FDU21_CHUKWUDI017,2469
FDU21_CHUKWUDI019,-123
FDU21_CHUKWUDI027,4847
FDU21_CHUKWUDI035,2469
FDU21_CHUKWUDI045,2374
FDU21_CHUKWUDI049,2499
FDU22_CHUKWUDI035,5135
FDU24_CHUKWUDI017,3724
FDU24_CHUKWUDI019,679
FDU24_CHUKWUDI027,6313
FDU25_CHUKWUDI017,2759
FDU25_CHUKWUDI018,2202
FDU25_CHUKWUDI027,5015
FDU25_CHUKWUDI035,2759
FDU25_CHUKWUDI045,2491
FDU25_CHUKWUDI046,2616
FDU25_CHUKWUDI049,2616
FDU26_CHUKWUDI027,7699
FDU26_CHUKWUDI035,5137
FDU27_CHUKWUDI017,2483
FDU27_CHUKWUDI027,4903
FDU27_CHUKWUDI049,2470
FDU31_CHUKWUDI046,9186
FDU32_CHUKWUDI027,7704
FDU32_CHUKWUDI035,5220
FDU33_CHUKWUDI018,2054
FDU33_CHUKWUDI019,-13
FDU33_CHUKWUDI027,4903
FDU33_CHUKWUDI035,2469
FDU33_CHUKWUDI049,2498
FDU34_CHUKWUDI027,7676
FDU34_CHUKWUDI045,5023
FDU35_CHUKWUDI027,6618
FDU35_CHUKWUDI045,3943
FDU36_CHUKWUDI018,3622
FDU36_CHUKWUDI019,732
FDU36_CHUKWUDI027,6916
FDU36_CHUKWUDI035,3795
FDU37_CHUKWUDI018,2669
FDU37_CHUKWUDI027,5535
FDU37_CHUKWUDI035,3084
FDU37_CHUKWUDI046,3271
FDU38_CHUKWUDI010,1187
FDU38_CHUKWUDI013,8402
FDU39_CHUKWUDI017,2718
FDU39_CHUKWUDI018,2118
FDU39_CHUKWUDI027,5010
FDU39_CHUKWUDI035,2736
FDU39_CHUKWUDI045,2408
FDU39_CHUKWUDI046,2533
FDU40_CHUKWUDI010,26
FDU40_CHUKWUDI013,6696
FDU43_CHUKWUDI013,12009
FDU45_CHUKWUDI027,7404
FDU46_CHUKWUDI017,3754
FDU46_CHUKWUDI027,6253
FDU46_CHUKWUDI045,3486
FDU46_CHUKWUDI046,3611
FDU46_CHUKWUDI049,3611
FDU49_CHUKWUDI018,2997
FDU49_CHUKWUDI035,3597
FDU49_CHUKWUDI045,3286
FDU49_CHUKWUDI049,3411
FDU50_CHUKWUDI027,6599
FDU50_CHUKWUDI045,4502
FDU51_CHUKWUDI013,7075
FDU55_CHUKWUDI018,10692
FDU55_CHUKWUDI049,10978
FDU56_CHUKWUDI013,8298
FDU58_CHUKWUDI010,1284
FDV02_CHUKWUDI013,6732
FDV07_CHUKWUDI017,4680
FDV07_CHUKWUDI027,6841
FDV07_CHUKWUDI045,4250
FDV08_CHUKWUDI018,2034
FDV08_CHUKWUDI027,4902
FDV08_CHUKWUDI045,2286
FDV10_CHUKWUDI017,2595
FDV10_CHUKWUDI019,-63
FDV10_CHUKWUDI035,2595
FDV10_CHUKWUDI045,2337
FDV10_CHUKWUDI046,2462
FDV12_CHUKWUDI017,4410
FDV12_CHUKWUDI018,3660
FDV12_CHUKWUDI035,4105
FDV13_CHUKWUDI018,3087
FDV13_CHUKWUDI027,5977
FDV13_CHUKWUDI049,3490
FDV14_CHUKWUDI035,3730
FDV14_CHUKWUDI049,3440
FDV15_CHUKWUDI017,4305
FDV15_CHUKWUDI018,4120
FDV15_CHUKWUDI019,877
FDV15_CHUKWUDI027,6847
FDV16_CHUKWUDI017,2395
FDV16_CHUKWUDI018,2017
FDV16_CHUKWUDI019,-123
FDV16_CHUKWUDI035,2395
FDV16_CHUKWUDI046,2425
FDV16_CHUKWUDI049,2425
FDV20_CHUKWUDI027,7773
FDV21_CHUKWUDI027,7676
FDV23_CHUKWUDI027,7676
FDV23_CHUKWUDI035,5179
FDV23_CHUKWUDI045,5084
FDV25_CHUKWUDI013,10204
FDV25_CHUKWUDI018,8271
FDV26_CHUKWUDI013,8440
FDV26_CHUKWUDI046,8182
FDV27_CHUKWUDI017,3657
FDV27_CHUKWUDI019,603
FDV27_CHUKWUDI045,3285
FDV28_CHUKWUDI017,2841
FDV28_CHUKWUDI018,1730
FDV28_CHUKWUDI027,4806
FDV28_CHUKWUDI035,2521
FDV28_CHUKWUDI046,2508
FDV31_CHUKWUDI010,1123
FDV32_CHUKWUDI017,2838
FDV32_CHUKWUDI018,2087
FDV32_CHUKWUDI019,346
FDV32_CHUKWUDI035,2502
FDV32_CHUKWUDI045,2742
FDV32_CHUKWUDI049,2532
FDV33_CHUKWUDI018,10181
FDV33_CHUKWUDI046,10467
FDV33_CHUKWUDI049,10213
FDV34_CHUKWUDI018,2723
FDV34_CHUKWUDI045,3031
FDV34_CHUKWUDI049,3244
FDV36_CHUKWUDI027,7802
FDV36_CHUKWUDI045,5149
FDV37_CHUKWUDI010,1406
FDV37_CHUKWUDI013,8309
FDV38_CHUKWUDI017,2522
FDV38_CHUKWUDI018,2064
FDV38_CHUKWUDI019,28
FDV38_CHUKWUDI027,4945
FDV38_CHUKWUDI035,2522
FDV38_CHUKWUDI045,2384
FDV38_CHUKWUDI049,2509
FDV39_CHUKWUDI013,8177
FDV39_CHUKWUDI046,7248
FDV40_CHUKWUDI017,3383
FDV40_CHUKWUDI035,3393
FDV40_CHUKWUDI045,2994
FDV40_CHUKWUDI046,3207
FDV43_CHUKWUDI017,2512
FDV43_CHUKWUDI027,4908
FDV43_CHUKWUDI049,2535
FDV44_CHUKWUDI013,8032
FDV45_CHUKWUDI013,8298
FDV47_CHUKWUDI017,3681
FDV47_CHUKWUDI018,3025
FDV47_CHUKWUDI019,592
FDV47_CHUKWUDI035,3681
FDV47_CHUKWUDI049,3653
FDV48_CHUKWUDI017,3257
FDV48_CHUKWUDI018,2643
FDV48_CHUKWUDI027,5535
FDV48_CHUKWUDI049,3114
FDV49_CHUKWUDI018,9503
FDV49_CHUKWUDI027,14896
FDV49_CHUKWUDI035,9932
FDV49_CHUKWUDI045,8231
FDV49_CHUKWUDI046,10031
FDV49_CHUKWUDI049,10031
FDV52_CHUKWUDI045,4850
FDV56_CHUKWUDI027,7118
FDV56_CHUKWUDI045,4348
FDV57_CHUKWUDI013,7081
FDV59_CHUKWUDI010,1337
FDV59_CHUKWUDI018,8076
FDV59_CHUKWUDI046,8835
FDV60_CHUKWUDI010,1278
FDV60_CHUKWUDI013,8359
FDW02_CHUKWUDI027,7699
FDW02_CHUKWUDI045,5405
FDW03_CHUKWUDI035,4482
FDW04_CHUKWUDI027,8095
FDW07_CHUKWUDI017,3509
FDW07_CHUKWUDI027,6226
FDW07_CHUKWUDI045,3371
FDW07_CHUKWUDI046,3496
FDW08_CHUKWUDI027,6847
FDW09_CHUKWUDI017,3299
FDW09_CHUKWUDI027,5793
FDW09_CHUKWUDI045,3031
FDW09_CHUKWUDI046,3524
FDW09_CHUKWUDI049,3385
FDW11_CHUKWUDI017,2772
FDW11_CHUKWUDI018,2215
FDW11_CHUKWUDI027,5198
FDW11_CHUKWUDI049,2630
FDW13_CHUKWUDI017,2484
FDW13_CHUKWUDI018,2069
FDW13_CHUKWUDI019,15
FDW13_CHUKWUDI027,4986
FDW13_CHUKWUDI035,2484
FDW13_CHUKWUDI045,2347
FDW13_CHUKWUDI046,2514
FDW13_CHUKWUDI049,2514
FDW14_CHUKWUDI018,2996
FDW14_CHUKWUDI035,3553
FDW14_CHUKWUDI046,3410
FDW16_CHUKWUDI027,6336
FDW19_CHUKWUDI017,4561
FDW19_CHUKWUDI027,6871
FDW19_CHUKWUDI045,4293
FDW20_CHUKWUDI027,7914
FDW20_CHUKWUDI035,5118
FDW21_CHUKWUDI017,4318
FDW21_CHUKWUDI027,6888
FDW21_CHUKWUDI035,4380
FDW22_CHUKWUDI018,8711
FDW23_CHUKWUDI019,-63
FDW23_CHUKWUDI035,2109
FDW23_CHUKWUDI045,2104
FDW23_CHUKWUDI046,2229
FDW23_CHUKWUDI049,2229
FDW24_CHUKWUDI019,15
FDW24_CHUKWUDI027,4968
FDW24_CHUKWUDI035,2501
FDW24_CHUKWUDI045,2244
FDW24_CHUKWUDI046,2369
FDW24_CHUKWUDI049,2369
FDW25_CHUKWUDI027,6006
FDW25_CHUKWUDI035,3532
FDW25_CHUKWUDI046,3480
FDW25_CHUKWUDI049,3480
FDW26_CHUKWUDI010,1593
FDW26_CHUKWUDI013,10358
FDW26_CHUKWUDI046,9417
FDW28_CHUKWUDI010,1126
FDW28_CHUKWUDI013,8029
FDW28_CHUKWUDI046,7611
FDW31_CHUKWUDI013,8206
FDW32_CHUKWUDI018,2976
FDW32_CHUKWUDI019,592
FDW32_CHUKWUDI035,3434
FDW32_CHUKWUDI045,3296
FDW32_CHUKWUDI046,3421
FDW33_CHUKWUDI017,4350
FDW33_CHUKWUDI035,4350
FDW34_CHUKWUDI013,11466
FDW34_CHUKWUDI046,10174
FDW35_CHUKWUDI017,2757
FDW35_CHUKWUDI018,2131
FDW35_CHUKWUDI019,42
FDW35_CHUKWUDI035,2757
FDW35_CHUKWUDI045,2489
FDW35_CHUKWUDI049,2614
FDW36_CHUKWUDI019,886
FDW36_CHUKWUDI027,6847
FDW36_CHUKWUDI035,4523
FDW37_CHUKWUDI017,3767
FDW37_CHUKWUDI027,5993
FDW37_CHUKWUDI045,3396
FDW38_CHUKWUDI017,2403
FDW38_CHUKWUDI018,1871
FDW38_CHUKWUDI019,204
FDW38_CHUKWUDI027,4945
FDW38_CHUKWUDI035,2646
FDW38_CHUKWUDI046,2523
FDW43_CHUKWUDI013,10075
FDW43_CHUKWUDI046,10941
FDW44_CHUKWUDI013,6741
FDW46_CHUKWUDI017,3084
FDW46_CHUKWUDI018,2471
FDW46_CHUKWUDI019,346
FDW46_CHUKWUDI035,3084
FDW46_CHUKWUDI045,2816
FDW47_CHUKWUDI045,5122
FDW48_CHUKWUDI017,3811
FDW48_CHUKWUDI018,2967
FDW48_CHUKWUDI019,749
FDW48_CHUKWUDI027,6253
FDW48_CHUKWUDI035,3811
FDW48_CHUKWUDI045,3133
FDW48_CHUKWUDI049,3258
FDW49_CHUKWUDI013,7008
FDW51_CHUKWUDI010,1342
FDW51_CHUKWUDI046,8639
FDW55_CHUKWUDI010,2682
FDW55_CHUKWUDI013,11994
FDW55_CHUKWUDI046,11081
FDW56_CHUKWUDI010,1547
FDW58_CHUKWUDI035,4322
FDW59_CHUKWUDI017,3712
FDW59_CHUKWUDI019,615
FDW59_CHUKWUDI035,3712
FDW59_CHUKWUDI045,3445
FDW59_CHUKWUDI046,3570
FDW60_CHUKWUDI013,6977
FDX01_CHUKWUDI027,7618
FDX01_CHUKWUDI035,5153
FDX01_CHUKWUDI045,4886
FDX02_CHUKWUDI013,10806
FDX02_CHUKWUDI018,8404
FDX02_CHUKWUDI046,9890
FDX03_CHUKWUDI019,-63
FDX03_CHUKWUDI027,4908
FDX03_CHUKWUDI045,2411
FDX03_CHUKWUDI049,2535
FDX04_CHUKWUDI017,2666
FDX04_CHUKWUDI018,2076
FDX04_CHUKWUDI019,15
FDX04_CHUKWUDI027,4968
FDX04_CHUKWUDI035,2666
FDX04_CHUKWUDI045,2355
FDX04_CHUKWUDI046,2491
FDX04_CHUKWUDI049,2480
FDX07_CHUKWUDI010,1373
FDX09_CHUKWUDI013,7081
FDX10_CHUKWUDI017,2222
FDX10_CHUKWUDI027,4866
FDX10_CHUKWUDI045,2217
FDX10_CHUKWUDI046,2342
FDX11_CHUKWUDI013,7107
FDX12_CHUKWUDI010,2108
FDX12_CHUKWUDI046,10246
FDX13_CHUKWUDI013,10090
FDX13_CHUKWUDI018,10698
FDX13_CHUKWUDI046,10984
FDX14_CHUKWUDI017,3271
FDX14_CHUKWUDI019,398
FDX14_CHUKWUDI046,3128
FDX14_CHUKWUDI049,3128
FDX19_CHUKWUDI013,11091
FDX19_CHUKWUDI018,9280
FDX19_CHUKWUDI046,9597
FDX19_CHUKWUDI049,9597
FDX20_CHUKWUDI013,11673
FDX20_CHUKWUDI018,9657
FDX20_CHUKWUDI046,10676
FDX21_CHUKWUDI019,951
FDX21_CHUKWUDI027,6847
FDX21_CHUKWUDI035,4318
FDX21_CHUKWUDI045,4223
FDX22_CHUKWUDI046,9113
FDX23_CHUKWUDI017,3765
FDX23_CHUKWUDI018,3283
FDX23_CHUKWUDI035,3765
FDX24_CHUKWUDI019,764
FDX24_CHUKWUDI027,6532
FDX24_CHUKWUDI035,3971
FDX24_CHUKWUDI045,3703
FDX26_CHUKWUDI010,1282
FDX26_CHUKWUDI013,8384
FDX27_CHUKWUDI018,3295
FDX28_CHUKWUDI018,3603
FDX28_CHUKWUDI027,7037
FDX28_CHUKWUDI035,3939
FDX31_CHUKWUDI010,1818
FDX31_CHUKWUDI013,10415
FDX31_CHUKWUDI018,9080
FDX31_CHUKWUDI046,8947
FDX34_CHUKWUDI027,7676
FDX34_CHUKWUDI035,5079
FDX34_CHUKWUDI045,4902
FDX35_CHUKWUDI013,11128
FDX35_CHUKWUDI046,10089
FDX36_CHUKWUDI013,10832
FDX36_CHUKWUDI018,8430
FDX36_CHUKWUDI046,9949
FDX37_CHUKWUDI017,4105
FDX37_CHUKWUDI027,6740
FDX37_CHUKWUDI035,4473
FDX38_CHUKWUDI018,2131
FDX38_CHUKWUDI019,15
FDX38_CHUKWUDI046,2545
FDX39_CHUKWUDI010,1811
FDX39_CHUKWUDI013,9727
FDX39_CHUKWUDI046,8812
FDX40_CHUKWUDI017,2469
FDX40_CHUKWUDI019,-63
FDX40_CHUKWUDI035,2798
FDX40_CHUKWUDI045,2374
FDX40_CHUKWUDI046,2499
FDX44_CHUKWUDI017,3984
FDX44_CHUKWUDI018,3102
FDX44_CHUKWUDI027,6006
FDX44_CHUKWUDI035,3752
FDX44_CHUKWUDI049,3609
FDX46_CHUKWUDI027,4986
FDX46_CHUKWUDI035,2749
FDX46_CHUKWUDI045,2463
FDX46_CHUKWUDI046,2588
FDX46_CHUKWUDI049,2588
FDX49_CHUKWUDI013,11118
FDX50_CHUKWUDI017,4568
FDX50_CHUKWUDI027,6847
FDX50_CHUKWUDI035,4568
FDX50_CHUKWUDI045,4258
FDX51_CHUKWUDI010,1404
FDX51_CHUKWUDI046,8313
FDX55_CHUKWUDI046,8812
FDX56_CHUKWUDI013,10096
FDX56_CHUKWUDI046,9181
FDX57_CHUKWUDI017,4129
FDX57_CHUKWUDI018,3435
FDX57_CHUKWUDI027,6336
FDX58_CHUKWUDI010,732
FDX58_CHUKWUDI013,8516
FDX59_CHUKWUDI018,2050
FDX59_CHUKWUDI027,4847
FDX59_CHUKWUDI045,2360
FDX59_CHUKWUDI046,2484
FDX60_CHUKWUDI017,3141
FDX60_CHUKWUDI018,2684
FDX60_CHUKWUDI027,5535
FDX60_CHUKWUDI045,3371
FDX60_CHUKWUDI046,3496
FDY01_CHUKWUDI035,4898
FDY02_CHUKWUDI010,1411
FDY02_CHUKWUDI018,10644
FDY02_CHUKWUDI027,15385
FDY02_CHUKWUDI035,10249
FDY02_CHUKWUDI045,10836
FDY03_CHUKWUDI017,4408
FDY03_CHUKWUDI027,6847
FDY03_CHUKWUDI045,4270
FDY07_CHUKWUDI017,2515
FDY07_CHUKWUDI018,2172
FDY07_CHUKWUDI027,5243
FDY07_CHUKWUDI045,2420
FDY07_CHUKWUDI049,2692
FDY08_CHUKWUDI027,8052
FDY10_CHUKWUDI027,7735
FDY10_CHUKWUDI045,4826
FDY11_CHUKWUDI017,2877
FDY11_CHUKWUDI018,2399
FDY11_CHUKWUDI046,2735
FDY11_CHUKWUDI049,2735
FDY12_CHUKWUDI017,2511
FDY12_CHUKWUDI018,2138
FDY12_CHUKWUDI046,2541
FDY13_CHUKWUDI017,3265
FDY13_CHUKWUDI018,2708
FDY13_CHUKWUDI019,398
FDY13_CHUKWUDI035,3265
FDY13_CHUKWUDI045,2998
FDY13_CHUKWUDI049,3123
FDY14_CHUKWUDI013,11257
FDY14_CHUKWUDI035,9850
FDY14_CHUKWUDI046,9950
FDY14_CHUKWUDI049,9950
FDY16_CHUKWUDI013,7897
FDY19_CHUKWUDI045,4747
FDY20_CHUKWUDI017,3889
FDY20_CHUKWUDI018,3381
FDY20_CHUKWUDI046,3600
FDY21_CHUKWUDI010,1488
FDY21_CHUKWUDI013,8269
FDY21_CHUKWUDI046,8026
FDY24_CHUKWUDI018,2510
FDY24_CHUKWUDI035,2978
FDY24_CHUKWUDI049,2438
FDY25_CHUKWUDI013,7105
FDY26_CHUKWUDI010,1007
FDY26_CHUKWUDI046,8691
FDY27_CHUKWUDI013,6885
FDY28_CHUKWUDI013,10046
FDY35_CHUKWUDI018,2474
FDY35_CHUKWUDI019,-37
FDY35_CHUKWUDI027,5140
FDY35_CHUKWUDI035,3143
FDY35_CHUKWUDI045,2869
FDY35_CHUKWUDI049,2957
FDY36_CHUKWUDI017,3401
FDY36_CHUKWUDI019,441
FDY36_CHUKWUDI027,5806
FDY36_CHUKWUDI045,3045
FDY36_CHUKWUDI046,3258
FDY36_CHUKWUDI049,3258
FDY38_CHUKWUDI013,11554
FDY38_CHUKWUDI049,10237
FDY39_CHUKWUDI010,1268
FDY40_CHUKWUDI017,2549
FDY40_CHUKWUDI018,2143
FDY40_CHUKWUDI019,15
FDY40_CHUKWUDI046,2546
FDY44_CHUKWUDI046,7642
FDY45_CHUKWUDI018,10179
FDY45_CHUKWUDI049,10465
FDY47_CHUKWUDI027,7773
FDY48_CHUKWUDI019,911
FDY48_CHUKWUDI035,4609
FDY48_CHUKWUDI045,4298
FDY50_CHUKWUDI017,3210
FDY50_CHUKWUDI018,2786
FDY50_CHUKWUDI027,5982
FDY50_CHUKWUDI035,3210
FDY50_CHUKWUDI045,3101
FDY50_CHUKWUDI046,3330
FDY51_CHUKWUDI018,8430
FDY51_CHUKWUDI046,8812
FDY52_CHUKWUDI017,2484
FDY52_CHUKWUDI019,177
FDY52_CHUKWUDI045,2633
FDY52_CHUKWUDI046,2423
FDY52_CHUKWUDI049,2423
FDY55_CHUKWUDI013,11585
FDY55_CHUKWUDI018,10804
FDY55_CHUKWUDI046,10391
FDY55_CHUKWUDI049,11375
FDY56_CHUKWUDI010,2453
FDY56_CHUKWUDI013,10332
FDY56_CHUKWUDI018,7758
FDY56_CHUKWUDI046,8771
FDY57_CHUKWUDI017,3921
FDY57_CHUKWUDI018,3370
FDY57_CHUKWUDI035,3921
FDY57_CHUKWUDI045,3783
FDY58_CHUKWUDI018,10154
FDY59_CHUKWUDI018,3241
FDY59_CHUKWUDI027,6307
FDY59_CHUKWUDI035,3947
FDY59_CHUKWUDI045,3680
FDZ01_CHUKWUDI027,7073
FDZ01_CHUKWUDI035,4607
FDZ02_CHUKWUDI017,4004
FDZ02_CHUKWUDI027,6336
FDZ02_CHUKWUDI045,4041
FDZ03_CHUKWUDI010,1437
FDZ04_CHUKWUDI017,3093
FDZ04_CHUKWUDI045,2490
FDZ04_CHUKWUDI046,2615
FDZ04_CHUKWUDI049,2615
FDZ07_CHUKWUDI018,2578
FDZ07_CHUKWUDI019,137
FDZ07_CHUKWUDI027,5472
FDZ07_CHUKWUDI049,2606
FDZ08_CHUKWUDI017,3327
FDZ08_CHUKWUDI027,5982
FDZ08_CHUKWUDI035,3466
FDZ08_CHUKWUDI045,3371
FDZ08_CHUKWUDI049,3496
FDZ10_CHUKWUDI027,7699
FDZ13_CHUKWUDI017,2494
FDZ13_CHUKWUDI018,2522
FDZ13_CHUKWUDI045,2398
FDZ13_CHUKWUDI046,2471
FDZ14_CHUKWUDI027,7699
FDZ15_CHUKWUDI027,7618
FDZ15_CHUKWUDI035,5250
FDZ15_CHUKWUDI045,5195
FDZ16_CHUKWUDI010,1396
FDZ16_CHUKWUDI013,8309
FDZ20_CHUKWUDI010,2304
FDZ20_CHUKWUDI013,11768
FDZ20_CHUKWUDI046,10393
FDZ20_CHUKWUDI049,10393
FDZ21_CHUKWUDI017,4129
FDZ21_CHUKWUDI018,3435
FDZ21_CHUKWUDI027,6336
FDZ21_CHUKWUDI035,4129
FDZ22_CHUKWUDI017,3648
FDZ22_CHUKWUDI019,592
FDZ22_CHUKWUDI027,6006
FDZ22_CHUKWUDI045,3380
FDZ22_CHUKWUDI049,3505
FDZ23_CHUKWUDI010,1437
FDZ23_CHUKWUDI013,8275
FDZ25_CHUKWUDI013,7147
FDZ26_CHUKWUDI010,2198
FDZ26_CHUKWUDI013,11190
FDZ26_CHUKWUDI018,9556
FDZ26_CHUKWUDI046,9572
FDZ26_CHUKWUDI049,9572
FDZ27_CHUKWUDI017,2603
FDZ27_CHUKWUDI019,204
FDZ27_CHUKWUDI045,2336
FDZ27_CHUKWUDI049,2460
FDZ28_CHUKWUDI045,5184
FDZ32_CHUKWUDI019,886
FDZ32_CHUKWUDI045,4139
FDZ34_CHUKWUDI013,8126
FDZ34_CHUKWUDI046,7853
FDZ35_CHUKWUDI017,4552
FDZ35_CHUKWUDI027,7017
FDZ35_CHUKWUDI035,4552
FDZ35_CHUKWUDI045,4284
FDZ36_CHUKWUDI013,8159
FDZ37_CHUKWUDI027,6197
FDZ37_CHUKWUDI046,3461
FDZ38_CHUKWUDI013,7306
FDZ39_CHUKWUDI017,4499
FDZ39_CHUKWUDI027,6985
FDZ39_CHUKWUDI035,4436
FDZ39_CHUKWUDI045,4188
FDZ40_CHUKWUDI017,2740
FDZ40_CHUKWUDI018,2183
FDZ40_CHUKWUDI027,5010
FDZ40_CHUKWUDI045,2472
FDZ40_CHUKWUDI049,2597
FDZ43_CHUKWUDI013,11186
FDZ43_CHUKWUDI018,9552
FDZ43_CHUKWUDI046,9895
FDZ44_CHUKWUDI035,4985
FDZ45_CHUKWUDI010,1305
FDZ45_CHUKWUDI013,8182
FDZ46_CHUKWUDI017,4491
FDZ46_CHUKWUDI035,4491
FDZ47_CHUKWUDI017,3874
FDZ47_CHUKWUDI027,6618
FDZ47_CHUKWUDI035,4152
FDZ48_CHUKWUDI017,4408
FDZ48_CHUKWUDI045,4270
FDZ49_CHUKWUDI013,10358
FDZ49_CHUKWUDI046,8812
FDZ51_CHUKWUDI017,4062
FDZ51_CHUKWUDI027,6313
FDZ52_CHUKWUDI027,6847
FDZ52_CHUKWUDI035,4329
FDZ58_CHUKWUDI027,7676
FDZ58_CHUKWUDI035,5409
FDZ60_CHUKWUDI019,876
FDZ60_CHUKWUDI027,6847
FDZ60_CHUKWUDI035,4376
NCA06_CHUKWUDI017,2490
NCA06_CHUKWUDI018,2140
NCA06_CHUKWUDI027,4866
NCA06_CHUKWUDI045,2352
NCA06_CHUKWUDI046,2476
NCA06_CHUKWUDI049,2476
NCA18_CHUKWUDI045,4788
NCA29_CHUKWUDI013,6990
NCA30_CHUKWUDI010,1241
NCA30_CHUKWUDI013,8201
NCA53_CHUKWUDI017,2808
NCA53_CHUKWUDI018,2155
NCA53_CHUKWUDI019,48
NCA53_CHUKWUDI045,2540
NCA53_CHUKWUDI046,2665
NCA53_CHUKWUDI049,2676
NCA54_CHUKWUDI010,1108
NCA54_CHUKWUDI013,7105
NCB07_CHUKWUDI010,1307
NCB18_CHUKWUDI018,3037
NCB18_CHUKWUDI019,603
NCB18_CHUKWUDI027,6017
NCB18_CHUKWUDI035,3626
NCB18_CHUKWUDI045,3419
NCB18_CHUKWUDI046,3440
NCB18_CHUKWUDI049,3440
NCB19_CHUKWUDI017,3210
NCB19_CHUKWUDI019,592
NCB19_CHUKWUDI027,5982
NCB19_CHUKWUDI035,3210
NCB19_CHUKWUDI046,3330
NCB19_CHUKWUDI049,3330
NCB30_CHUKWUDI010,1527
NCB30_CHUKWUDI046,9179
NCB31_CHUKWUDI018,7663
NCB31_CHUKWUDI027,14234
NCB31_CHUKWUDI035,7782
NCB31_CHUKWUDI045,7777
NCB31_CHUKWUDI046,8584
NCB31_CHUKWUDI049,8144
NCB42_CHUKWUDI027,7674
NCB42_CHUKWUDI035,5223
NCB42_CHUKWUDI045,4956
NCB43_CHUKWUDI013,8227
NCB55_CHUKWUDI018,1783
NCB55_CHUKWUDI045,2472
NCB55_CHUKWUDI046,2597
NCC07_CHUKWUDI027,7017
NCC07_CHUKWUDI035,4575
NCC07_CHUKWUDI045,4219
NCC19_CHUKWUDI013,8287
NCC30_CHUKWUDI013,7075
NCC43_CHUKWUDI013,10915
NCC43_CHUKWUDI018,9282
NCC43_CHUKWUDI046,9598
NCC43_CHUKWUDI049,10500
NCC54_CHUKWUDI010,2248
NCC54_CHUKWUDI013,11190
NCC54_CHUKWUDI018,9556
NCC54_CHUKWUDI049,9873
NCC55_CHUKWUDI018,2050
NCC55_CHUKWUDI035,2627
NCD06_CHUKWUDI017,2506
NCD06_CHUKWUDI018,2091
NCD06_CHUKWUDI046,2535
NCD06_CHUKWUDI049,2499
NCD18_CHUKWUDI013,11549
NCD18_CHUKWUDI018,9916
NCD18_CHUKWUDI046,10500
NCD19_CHUKWUDI017,2846
NCD19_CHUKWUDI045,2606
NCD19_CHUKWUDI046,2703
NCD19_CHUKWUDI049,2731
NCD30_CHUKWUDI027,6611
NCD30_CHUKWUDI045,3744
NCD42_CHUKWUDI018,2145
NCD42_CHUKWUDI027,5206
NCD42_CHUKWUDI045,2504
NCD42_CHUKWUDI049,2628
NCD43_CHUKWUDI019,881
NCD43_CHUKWUDI045,4494
NCD55_CHUKWUDI017,2758
NCD55_CHUKWUDI027,5123
NCD55_CHUKWUDI049,2573
NCE07_CHUKWUDI027,8345
NCE18_CHUKWUDI013,10522
NCE18_CHUKWUDI018,8881
NCE18_CHUKWUDI046,10876
NCE19_CHUKWUDI019,15
NCE19_CHUKWUDI027,4986
NCE19_CHUKWUDI035,2544
NCE19_CHUKWUDI045,2449
NCE19_CHUKWUDI046,2574
NCE19_CHUKWUDI049,2574
NCE30_CHUKWUDI013,9753
NCE30_CHUKWUDI046,9181
NCE31_CHUKWUDI017,2347
NCE31_CHUKWUDI018,1956
NCE31_CHUKWUDI027,4819
NCE31_CHUKWUDI045,2350
NCE31_CHUKWUDI046,2475
NCE31_CHUKWUDI049,2475
NCE42_CHUKWUDI013,9153
NCE42_CHUKWUDI018,7718
NCE42_CHUKWUDI046,6991
NCE54_CHUKWUDI017,2954
NCE54_CHUKWUDI018,2538
NCE54_CHUKWUDI019,422
NCE54_CHUKWUDI027,5564
NCE54_CHUKWUDI035,2954
NCE54_CHUKWUDI045,2556
NCE54_CHUKWUDI046,2769
NCF06_CHUKWUDI010,3420
NCF06_CHUKWUDI046,11714
NCF06_CHUKWUDI049,9910
NCF07_CHUKWUDI017,4410
NCF07_CHUKWUDI018,3701
NCF07_CHUKWUDI027,6734
NCF07_CHUKWUDI035,4347
NCF18_CHUKWUDI010,1116
NCF18_CHUKWUDI013,7999
NCF19_CHUKWUDI017,2702
NCF19_CHUKWUDI018,2145
NCF19_CHUKWUDI019,15
NCF19_CHUKWUDI027,4968
NCF42_CHUKWUDI010,1123
NCF42_CHUKWUDI013,7107
NCF55_CHUKWUDI045,2247
NCF55_CHUKWUDI046,2372
NCG06_CHUKWUDI013,11050
NCG06_CHUKWUDI018,9473
NCG06_CHUKWUDI046,10294
NCG07_CHUKWUDI013,8275
NCG18_CHUKWUDI018,3731
NCG18_CHUKWUDI027,7017
NCG18_CHUKWUDI035,4692
NCG19_CHUKWUDI013,11346
NCG19_CHUKWUDI049,9551
NCG30_CHUKWUDI027,7676
NCG30_CHUKWUDI045,5086
NCG42_CHUKWUDI045,5297
NCG43_CHUKWUDI018,3344
NCG43_CHUKWUDI019,690
NCG43_CHUKWUDI027,6313
NCG43_CHUKWUDI045,3783
NCH06_CHUKWUDI010,1378
NCH06_CHUKWUDI018,8867
NCH18_CHUKWUDI010,1374
NCH18_CHUKWUDI013,11476
NCH18_CHUKWUDI018,9898
NCH18_CHUKWUDI049,10185
NCH29_CHUKWUDI017,3956
NCH29_CHUKWUDI018,3553
NCH29_CHUKWUDI035,3956
NCH29_CHUKWUDI045,4083
NCH30_CHUKWUDI027,7380
NCH30_CHUKWUDI035,5113
NCH30_CHUKWUDI045,4803
NCH42_CHUKWUDI010,2145
NCH42_CHUKWUDI018,10096
NCH43_CHUKWUDI013,9727
NCH43_CHUKWUDI018,7728
NCH55_CHUKWUDI027,7699
NCH55_CHUKWUDI045,5219
NCI06_CHUKWUDI013,7112
NCI17_CHUKWUDI017,3751
NCI17_CHUKWUDI018,3243
NCI17_CHUKWUDI027,6313
NCI17_CHUKWUDI045,3656
NCI18_CHUKWUDI018,7858
NCI18_CHUKWUDI046,8920
NCI29_CHUKWUDI027,7768
NCI30_CHUKWUDI013,11608
NCI30_CHUKWUDI018,9279
NCI30_CHUKWUDI046,8967
NCI31_CHUKWUDI018,2079
NCI31_CHUKWUDI019,-63
NCI31_CHUKWUDI027,4908
NCI31_CHUKWUDI035,2500
NCI31_CHUKWUDI045,2362
NCI31_CHUKWUDI049,2487
NCI42_CHUKWUDI013,9600
NCI42_CHUKWUDI046,8685
NCI43_CHUKWUDI017,2670
NCI43_CHUKWUDI018,2070
NCI43_CHUKWUDI027,4973
NCI43_CHUKWUDI035,2670
NCI43_CHUKWUDI046,2495
NCI54_CHUKWUDI017,4737
NCI54_CHUKWUDI019,886
NCI54_CHUKWUDI027,6871
NCI54_CHUKWUDI035,4604
NCI54_CHUKWUDI045,4293
NCI55_CHUKWUDI027,7970
NCI55_CHUKWUDI035,5367
NCI55_CHUKWUDI045,5057
NCJ06_CHUKWUDI035,5420
NCJ17_CHUKWUDI017,3419
NCJ17_CHUKWUDI018,3448
NCJ17_CHUKWUDI045,3324
NCJ18_CHUKWUDI027,7380
NCJ18_CHUKWUDI035,5193
NCJ18_CHUKWUDI045,5098
NCJ19_CHUKWUDI018,2078
NCJ19_CHUKWUDI027,4945
NCJ19_CHUKWUDI045,2397
NCJ19_CHUKWUDI046,2522
NCJ29_CHUKWUDI018,3091
NCJ29_CHUKWUDI027,6006
NCJ29_CHUKWUDI035,3648
NCJ29_CHUKWUDI045,3380
NCJ29_CHUKWUDI049,3505
NCJ30_CHUKWUDI013,6468
NCJ31_CHUKWUDI013,10994
NCJ31_CHUKWUDI046,9376
NCJ31_CHUKWUDI049,9376
NCJ42_CHUKWUDI017,4535
NCJ42_CHUKWUDI018,3615
NCJ42_CHUKWUDI019,885
NCJ42_CHUKWUDI027,6959
NCJ42_CHUKWUDI045,4224
NCJ54_CHUKWUDI013,11269
NCJ54_CHUKWUDI046,9978
NCK05_CHUKWUDI017,2589
NCK05_CHUKWUDI018,2150
NCK05_CHUKWUDI019,137
NCK05_CHUKWUDI027,5174
NCK05_CHUKWUDI035,2607
NCK05_CHUKWUDI046,2576
NCK06_CHUKWUDI027,7970
NCK06_CHUKWUDI035,5223
NCK06_CHUKWUDI045,5046
NCK17_CHUKWUDI017,2651
NCK17_CHUKWUDI019,125
NCK17_CHUKWUDI027,4931
NCK17_CHUKWUDI045,2383
NCK17_CHUKWUDI049,2508
NCK19_CHUKWUDI010,1406
NCK19_CHUKWUDI013,8402
NCK29_CHUKWUDI027,7997
NCK29_CHUKWUDI035,4998
NCK30_CHUKWUDI010,1774
NCK30_CHUKWUDI013,11741
NCK30_CHUKWUDI018,9771
NCK31_CHUKWUDI018,2112
NCK31_CHUKWUDI027,5015
NCK31_CHUKWUDI046,2602
NCK42_CHUKWUDI046,8769
NCK53_CHUKWUDI017,4390
NCK53_CHUKWUDI018,3435
NCK53_CHUKWUDI027,7037
NCK53_CHUKWUDI035,4390
NCK54_CHUKWUDI027,7375
NCK54_CHUKWUDI045,4797
NCL05_CHUKWUDI018,2066
NCL05_CHUKWUDI019,-21
NCL05_CHUKWUDI027,4931
NCL05_CHUKWUDI035,2629
NCL05_CHUKWUDI046,2443
NCL05_CHUKWUDI049,2577
NCL06_CHUKWUDI010,2161
NCL06_CHUKWUDI049,10993
NCL07_CHUKWUDI019,-21
NCL07_CHUKWUDI027,4902
NCL07_CHUKWUDI045,2368
NCL07_CHUKWUDI046,2493
NCL18_CHUKWUDI013,8124
NCL18_CHUKWUDI046,7841
NCL30_CHUKWUDI027,7699
NCL41_CHUKWUDI017,2665
NCL41_CHUKWUDI018,2145
NCL41_CHUKWUDI019,-81
NCL41_CHUKWUDI035,2665
NCL41_CHUKWUDI046,2522
NCL41_CHUKWUDI049,2522
NCL42_CHUKWUDI013,10464
NCL42_CHUKWUDI049,10257
NCL53_CHUKWUDI010,1095
NCL53_CHUKWUDI013,7057
NCL55_CHUKWUDI046,10391
NCM05_CHUKWUDI010,-136
NCM05_CHUKWUDI027,14964
NCM05_CHUKWUDI035,8773
NCM05_CHUKWUDI046,8873
NCM05_CHUKWUDI049,8873
NCM07_CHUKWUDI017,3648
NCM07_CHUKWUDI018,3091
NCM07_CHUKWUDI019,592
NCM07_CHUKWUDI027,6006
NCM07_CHUKWUDI035,3648
NCM07_CHUKWUDI046,3505
NCM07_CHUKWUDI049,3505
NCM17_CHUKWUDI017,2567
NCM17_CHUKWUDI018,1991
NCM17_CHUKWUDI027,4945
NCM17_CHUKWUDI046,2425
NCM18_CHUKWUDI027,5174
NCM18_CHUKWUDI045,2481
NCM18_CHUKWUDI049,2588
NCM19_CHUKWUDI027,6871
NCM19_CHUKWUDI045,4826
NCM29_CHUKWUDI027,7980
NCM30_CHUKWUDI017,2606
NCM30_CHUKWUDI018,1986
NCM30_CHUKWUDI019,-63
NCM30_CHUKWUDI027,4908
NCM30_CHUKWUDI046,2420
NCM30_CHUKWUDI049,2420
NCM41_CHUKWUDI018,3435
NCM41_CHUKWUDI045,3818
NCM42_CHUKWUDI017,4241
NCM53_CHUKWUDI017,4505
NCM53_CHUKWUDI045,4149
NCM54_CHUKWUDI027,7676
NCM55_CHUKWUDI010,1437
NCN14_CHUKWUDI010,1338
NCN17_CHUKWUDI018,3646
NCN17_CHUKWUDI035,4478
NCN18_CHUKWUDI027,6847
NCN18_CHUKWUDI035,4464
NCN18_CHUKWUDI045,3903
NCN19_CHUKWUDI013,8045
NCN26_CHUKWUDI035,5050
NCN26_CHUKWUDI045,4783
NCN29_CHUKWUDI017,2861
NCN29_CHUKWUDI019,79
NCN29_CHUKWUDI045,2540
NCN29_CHUKWUDI049,2692
NCN30_CHUKWUDI018,3348
NCN30_CHUKWUDI027,6497
NCN30_CHUKWUDI035,4148
NCN43_CHUKWUDI027,7970
NCN53_CHUKWUDI017,2506
NCN53_CHUKWUDI018,2014
NCN53_CHUKWUDI019,-21
NCN53_CHUKWUDI027,4842
NCN53_CHUKWUDI035,2506
NCN54_CHUKWUDI017,3356
NCN54_CHUKWUDI018,2692
NCN54_CHUKWUDI035,3356
NCN54_CHUKWUDI045,3046
NCN54_CHUKWUDI046,3171
NCN55_CHUKWUDI018,9552
NCN55_CHUKWUDI049,9895
NCO02_CHUKWUDI017,3070
NCO02_CHUKWUDI018,2456
NCO02_CHUKWUDI027,5383
NCO02_CHUKWUDI035,3070
NCO02_CHUKWUDI045,2802
NCO02_CHUKWUDI049,3084
NCO05_CHUKWUDI017,4309
NCO05_CHUKWUDI018,3663
NCO05_CHUKWUDI027,6336
NCO05_CHUKWUDI045,3736
NCO06_CHUKWUDI018,2021
NCO06_CHUKWUDI027,4806
NCO06_CHUKWUDI035,2442
NCO06_CHUKWUDI046,2429
NCO07_CHUKWUDI046,8838
NCO14_CHUKWUDI017,2658
NCO14_CHUKWUDI027,4939
NCO14_CHUKWUDI035,2621
NCO17_CHUKWUDI027,7676
NCO17_CHUKWUDI035,5532
NCO18_CHUKWUDI013,7246
NCO26_CHUKWUDI035,4851
NCO26_CHUKWUDI045,4756
NCO30_CHUKWUDI013,8223
NCO41_CHUKWUDI017,4441
NCO41_CHUKWUDI027,6528
NCO41_CHUKWUDI035,4136
NCO41_CHUKWUDI045,4173
NCO43_CHUKWUDI017,4368
NCO43_CHUKWUDI018,3605
NCO43_CHUKWUDI045,4230
NCO54_CHUKWUDI017,2773
NCO54_CHUKWUDI018,2067
NCO54_CHUKWUDI019,75
NCO54_CHUKWUDI027,5206
NCO54_CHUKWUDI045,2463
NCO54_CHUKWUDI046,2588
NCO54_CHUKWUDI049,2588
NCO55_CHUKWUDI019,714
NCO55_CHUKWUDI027,6847
NCO55_CHUKWUDI045,4224
NCP02_CHUKWUDI018,2116
NCP02_CHUKWUDI027,5010
NCP14_CHUKWUDI017,4291
NCP17_CHUKWUDI018,2443
NCP17_CHUKWUDI027,5169
NCP17_CHUKWUDI046,2857
NCP17_CHUKWUDI049,2522
NCP29_CHUKWUDI018,2423
NCP29_CHUKWUDI027,5681
NCP29_CHUKWUDI035,2838
NCP29_CHUKWUDI046,2867
NCP30_CHUKWUDI017,2676
NCP30_CHUKWUDI027,4902
NCP30_CHUKWUDI035,2647
NCP30_CHUKWUDI045,2366
NCP30_CHUKWUDI049,2461
NCP41_CHUKWUDI019,881
NCP50_CHUKWUDI017,3617
NCP50_CHUKWUDI018,2765
NCP50_CHUKWUDI019,422
NCP50_CHUKWUDI027,6197
NCP50_CHUKWUDI035,3388
NCP50_CHUKWUDI046,3202
NCP53_CHUKWUDI013,11466
NCP53_CHUKWUDI018,9888
NCP54_CHUKWUDI035,5432
NCP55_CHUKWUDI017,2903
NCP55_CHUKWUDI019,121
NCP55_CHUKWUDI035,2931
NCP55_CHUKWUDI045,2593
NCQ02_CHUKWUDI013,8045
NCQ06_CHUKWUDI013,11950
NCQ06_CHUKWUDI018,10289
NCQ06_CHUKWUDI046,10394
NCQ06_CHUKWUDI049,10659
NCQ18_CHUKWUDI017,4300
NCQ18_CHUKWUDI027,6618
NCQ18_CHUKWUDI035,3933
NCQ29_CHUKWUDI046,9190
NCQ30_CHUKWUDI045,4983
NCQ38_CHUKWUDI017,4665
NCQ38_CHUKWUDI019,960
NCQ38_CHUKWUDI035,4710
NCQ38_CHUKWUDI045,4399
NCQ41_CHUKWUDI010,1375
NCQ41_CHUKWUDI013,8448
NCQ42_CHUKWUDI027,7797
NCQ43_CHUKWUDI017,4408
NCQ43_CHUKWUDI019,876
NCQ43_CHUKWUDI027,6847
NCQ43_CHUKWUDI045,4270
NCQ50_CHUKWUDI013,9603
NCQ50_CHUKWUDI046,8688
NCQ53_CHUKWUDI013,11606
NCQ53_CHUKWUDI018,9923
NCQ53_CHUKWUDI046,10315
NCQ53_CHUKWUDI049,10315
NCR05_CHUKWUDI013,8283
NCR05_CHUKWUDI046,9181
NCR06_CHUKWUDI035,2771
NCR06_CHUKWUDI046,2628
NCR06_CHUKWUDI049,2628
NCR17_CHUKWUDI027,7618
NCR17_CHUKWUDI035,5153
NCR17_CHUKWUDI045,4886
NCR18_CHUKWUDI017,2758
NCR18_CHUKWUDI018,2131
NCR18_CHUKWUDI027,5123
NCR18_CHUKWUDI046,2573
NCR18_CHUKWUDI049,2573
NCR29_CHUKWUDI018,2071
NCR29_CHUKWUDI027,4986
NCR29_CHUKWUDI035,2684
NCR29_CHUKWUDI045,2416
NCR30_CHUKWUDI018,2553
NCR30_CHUKWUDI019,398
NCR30_CHUKWUDI045,2737
NCR30_CHUKWUDI049,2862
NCR38_CHUKWUDI046,9222
NCR38_CHUKWUDI049,9534
NCR41_CHUKWUDI017,4148
NCR41_CHUKWUDI018,3348
NCR41_CHUKWUDI027,6497
NCR41_CHUKWUDI045,3837
NCR42_CHUKWUDI017,2651
NCR42_CHUKWUDI045,2383
NCR53_CHUKWUDI010,2281
NCR53_CHUKWUDI013,10358
NCR53_CHUKWUDI018,8752
NCR54_CHUKWUDI013,8309
NCR54_CHUKWUDI046,7924
NCS05_CHUKWUDI027,8011
NCS06_CHUKWUDI013,10862
NCS06_CHUKWUDI018,9709
NCS06_CHUKWUDI035,10137
NCS06_CHUKWUDI045,9870
NCS06_CHUKWUDI046,9861
NCS17_CHUKWUDI017,3858
NCS17_CHUKWUDI018,3307
NCS17_CHUKWUDI027,6313
NCS18_CHUKWUDI045,4293
NCS29_CHUKWUDI013,9824
NCS29_CHUKWUDI027,14814
NCS29_CHUKWUDI035,8417
NCS29_CHUKWUDI049,8517
NCS38_CHUKWUDI027,7701
NCS38_CHUKWUDI045,4664
NCS42_CHUKWUDI017,3604
NCS42_CHUKWUDI035,3837
NCS54_CHUKWUDI013,7234
NCT05_CHUKWUDI013,11729
NCT05_CHUKWUDI018,10353
NCT05_CHUKWUDI046,10703
NCT17_CHUKWUDI013,8298
NCT29_CHUKWUDI027,7676
NCT29_CHUKWUDI045,5098
NCT30_CHUKWUDI017,2491
NCT30_CHUKWUDI018,2077
NCT30_CHUKWUDI019,-26
NCT30_CHUKWUDI035,2491
NCT30_CHUKWUDI049,2521
NCT54_CHUKWUDI017,3751
NCT54_CHUKWUDI018,3243
NCT54_CHUKWUDI035,3751
NCU05_CHUKWUDI018,3025
NCU05_CHUKWUDI027,5535
NCU05_CHUKWUDI035,3638
NCU05_CHUKWUDI045,3003
NCU05_CHUKWUDI049,3357
NCU06_CHUKWUDI013,11549
NCU06_CHUKWUDI049,10258
NCU17_CHUKWUDI017,4093
NCU17_CHUKWUDI018,3409
NCU17_CHUKWUDI027,6802
NCU17_CHUKWUDI035,4093
NCU17_CHUKWUDI045,4150
NCU41_CHUKWUDI013,8175
NCU54_CHUKWUDI010,1932
NCU54_CHUKWUDI046,9181
NCV06_CHUKWUDI013,8283
NCV06_CHUKWUDI046,8026
NCV18_CHUKWUDI035,3300
NCV18_CHUKWUDI045,3205
NCV29_CHUKWUDI010,1131
NCV29_CHUKWUDI013,7246
NCV30_CHUKWUDI018,2124
NCV30_CHUKWUDI027,5174
NCV30_CHUKWUDI045,2469
NCV30_CHUKWUDI046,2929
NCV41_CHUKWUDI017,4623
NCV41_CHUKWUDI027,7031
NCV41_CHUKWUDI045,4312
NCV42_CHUKWUDI017,4241
NCV53_CHUKWUDI010,2216
NCV53_CHUKWUDI013,11571
NCV53_CHUKWUDI018,9888
NCV53_CHUKWUDI046,10280
NCV54_CHUKWUDI027,7404
NCV54_CHUKWUDI035,5079
NCV54_CHUKWUDI045,5107
NCW05_CHUKWUDI045,4446
NCW06_CHUKWUDI010,1519
NCW17_CHUKWUDI027,8011
NCW18_CHUKWUDI013,11186
NCW18_CHUKWUDI049,9895
NCW29_CHUKWUDI027,7768
NCW42_CHUKWUDI010,1445
NCW42_CHUKWUDI018,8404
NCW53_CHUKWUDI013,7635
NCW54_CHUKWUDI018,2097
NCW54_CHUKWUDI045,2416
NCW54_CHUKWUDI046,2541
NCW54_CHUKWUDI049,2551
NCX05_CHUKWUDI027,7380
NCX05_CHUKWUDI035,4941
NCX05_CHUKWUDI045,4803
NCX17_CHUKWUDI018,7381
NCX18_CHUKWUDI010,1332
NCX18_CHUKWUDI046,8011
NCX30_CHUKWUDI013,11804
NCX30_CHUKWUDI018,10557
NCX30_CHUKWUDI046,10843
NCX41_CHUKWUDI010,2015
NCX41_CHUKWUDI046,9218
NCX54_CHUKWUDI017,4501
NCX54_CHUKWUDI027,6825
NCX54_CHUKWUDI035,4327
NCX54_CHUKWUDI045,4279
NCY05_CHUKWUDI017,2641
NCY05_CHUKWUDI027,4908
NCY05_CHUKWUDI045,2374
NCY05_CHUKWUDI046,2499
NCY05_CHUKWUDI049,2499
NCY06_CHUKWUDI027,7773
NCY17_CHUKWUDI035,2521
NCY17_CHUKWUDI045,2531
NCY17_CHUKWUDI046,2508
NCY17_CHUKWUDI049,2508
NCY18_CHUKWUDI013,6978
NCY29_CHUKWUDI017,2558
NCY29_CHUKWUDI018,2143
NCY29_CHUKWUDI019,15
NCY29_CHUKWUDI027,4986
NCY29_CHUKWUDI035,2558
NCY29_CHUKWUDI045,2463
NCY29_CHUKWUDI046,2588
NCY30_CHUKWUDI013,8745
NCY41_CHUKWUDI017,2512
NCY41_CHUKWUDI027,4847
NCY41_CHUKWUDI035,2684
NCY41_CHUKWUDI045,2374
NCY41_CHUKWUDI046,2499
NCY41_CHUKWUDI049,2499
NCY53_CHUKWUDI017,4568
NCY53_CHUKWUDI027,6847
NCZ05_CHUKWUDI019,888
NCZ05_CHUKWUDI035,4418
NCZ06_CHUKWUDI013,10666
NCZ06_CHUKWUDI018,9142
NCZ06_CHUKWUDI046,9349
NCZ06_CHUKWUDI049,9349
NCZ17_CHUKWUDI017,2798
NCZ17_CHUKWUDI018,2091
NCZ17_CHUKWUDI027,4908
NCZ17_CHUKWUDI045,2374
NCZ17_CHUKWUDI046,2499
NCZ18_CHUKWUDI018,9268
NCZ18_CHUKWUDI046,9814
NCZ18_CHUKWUDI049,9731
NCZ29_CHUKWUDI045,5196
NCZ30_CHUKWUDI027,7704
NCZ30_CHUKWUDI035,5072
NCZ30_CHUKWUDI045,4895
NCZ41_CHUKWUDI045,5019
NCZ42_CHUKWUDI010,2924
NCZ42_CHUKWUDI013,12547
NCZ42_CHUKWUDI049,9921
NCZ53_CHUKWUDI010,1434
NCZ53_CHUKWUDI013,8439
